id,user_id,slug,video_url,video_platform,video_id,video_title,video_thumbnail,video_description,channel_name,channel_url,summary,pros,cons,key_points,comparison_table,target_audience,cta,seo_keywords,custom_title,custom_content,affiliate_links,fb_post_id,fb_post_url,posted_at,views,clicks,conversions,status,created_at,updated_at,category_id
0c4de32f-adba-4e98-bf99-ba7509cb5c13,1788ee95-7d22-4b0b-8e45-07ae2d03c7e1,may-ep-cham-ejj421ivy-ep-moi-rau-cu-day-du-duong-chat-150806,https://www.youtube.com/watch?v=Ov1rkeAM1po,youtube,Ov1rkeAM1po,[MÃY Ã‰P CHáº¬M EJJ421IVY] Ã‰P Má»ŒI RAU Cá»¦ - Äáº¦Y Äá»¦ DÆ¯á» NG CHáº¤T,https://i.ytimg.com/vi/Ov1rkeAM1po/maxresdefault.jpg,"[MÃY Ã‰P CHáº¬M EJJ421IVY] Ã‰P Má»ŒI RAU Cá»¦ - Äáº¦Y Äá»¦ DÆ¯á» NG CHáº¤T

ğŸ Báº¡n yÃªu thÃ­ch nÆ°á»›c Ã©p nhÆ°ng láº¡i ngáº¡i viá»‡c máº¥t thá»i gian cáº¯t gá»t vÃ  lo láº¯ng ráº±ng quÃ¡ trÃ¬nh Ã©p cÃ³ thá»ƒ lÃ m máº¥t Ä‘i dÆ°á»¡ng cháº¥t quÃ½ giÃ¡ tá»« rau cá»§? MÃ¡y Ã©p cháº­m EJJ421IVY LocknLock chÃ­nh lÃ  giáº£i phÃ¡p hoÃ n háº£o vá»›i cÃ¡c siÃªu tÃ­nh nÄƒng

ğŸ”¹Miá»‡ng á»‘ng tiáº¿p lá»›n 78cm, cÃ³ thá»ƒ Ã©p nguyÃªn trÃ¡i tháº­t Ãªm, khÃ´ng cáº§n pháº£i cáº¯t nhá»
ğŸ”¹Trá»¥c Ã©p máº¡nh máº½ káº¿t há»£p lÆ°á»›i lá»c kÃ©p giÃºp loáº¡i bá» xÆ¡ bÃ£ thá»«a, mang Ä‘áº¿n ly nÆ°á»›c Ã©p má»‹n mÃ ng, khÃ´ng tÃ¡ch lá»›p
ğŸ”¹MÃ¡y cÃ²n tÃ­ch há»£p khÃ³a an toÃ n, Ä‘áº£m báº£o quÃ¡ trÃ¬nh Ã©p mÆ°á»£t mÃ  vÃ  báº£o vá»‡ tá»‘i Ä‘a
ğŸ”¹Váº­n hÃ nh Ä‘Æ¡n giáº£n vá»›i 2 cháº¿ Ä‘á»™ tiá»‡n lá»£i, giá»¯ trá»n dÆ°á»¡ng cháº¥t, tÆ°Æ¡i ngon, trá»n vá»‹ 
ğŸ”¹Dá»… dÃ ng vá»‡ sinh sau khi sá»­ dá»¥ng, LocknLock giÃºp viá»‡c Ã©p nÆ°á»›c trá»Ÿ nÃªn nháº¹ nhÃ ng vÃ  dá»… dÃ ng

ğŸ‘‰ Tráº£i nghiá»‡m ngay ""báº£o bá»‘i"" sá»‘ng khá»e tá»« LocknLock Ä‘á»ƒ táº­n hÆ°á»Ÿng ly nÆ°á»›c Ã©p nguyÃªn cháº¥t, tÆ°Æ¡i ngon má»—i ngÃ y!

ğŸ›’Mua sáº¯m trá»±c tuyáº¿n táº¡i:
- Shopee: https://bit.ly/4dfIVKX
- Lazada: https://s.lazada.vn/a.Okm
- Tiki: https://ti.ki/8Q6vh3YC/LOCKNLOCK
- LocknLock Store: https://bit.ly/3zCUfmE 

ğŸ”» Theo dÃµi LocknLock Vietnam Ä‘á»ƒ cáº­p nháº­t thÃ´ng tin má»›i nháº¥t.
#LocknLock #LocknLockVietnam #MayEpCham #SlowJuicer
------------------
LocknLock Viá»‡t Nam
Hotline: 028.5413.5750 ~ 53 (HCM) / 024 6293 9370 (HÃ  Ná»™i)
Há»‡ thá»‘ng chuá»—i cá»­a hÃ ng â€“ KÃªnh phÃ¢n phá»‘i Online chÃ­nh thá»©c cá»§a LocknLock:
https://www.locknlock.vn/vi-vn/stores. Má»i báº¡n ghÃ© tham quan vÃ  mua sáº¯m nhÃ©!",LocknLock Vietnam,https://www.youtube.com/channel/UCZNyjLXfmUPk12y6bdVgn8A,"Video giá»›i thiá»‡u mÃ¡y Ã©p cháº­m LocknLock EJJ421IVY, nháº¥n máº¡nh kháº£ nÄƒng Ã©p nguyÃªn trÃ¡i rau cá»§ quáº£ mÃ  khÃ´ng cáº§n cáº¯t nhá» nhá» miá»‡ng á»‘ng tiáº¿p lá»›n. MÃ¡y cÃ³ trá»¥c Ã©p máº¡nh máº½ vÃ  lÆ°á»›i lá»c kÃ©p giÃºp nÆ°á»›c Ã©p má»‹n mÃ ng, khÃ´ng bá»‹ tÃ¡ch lá»›p. Thiáº¿t káº¿ an toÃ n, dá»… sá»­ dá»¥ng vá»›i 2 cháº¿ Ä‘á»™ Ã©p vÃ  dá»… dÃ ng vá»‡ sinh sau khi dÃ¹ng. LocknLock EJJ421IVY há»©a háº¹n mang Ä‘áº¿n nhá»¯ng ly nÆ°á»›c Ã©p tÆ°Æ¡i ngon, giá»¯ trá»n dÆ°á»¡ng cháº¥t má»™t cÃ¡ch tiá»‡n lá»£i.","[""Miá»‡ng á»‘ng tiáº¿p lá»›n 78mm cho phÃ©p Ã©p nguyÃªn trÃ¡i, tiáº¿t kiá»‡m thá»i gian sÆ¡ cháº¿."", ""Trá»¥c Ã©p máº¡nh máº½ vÃ  lÆ°á»›i lá»c kÃ©p giÃºp nÆ°á»›c Ã©p má»‹n mÃ ng, khÃ´ng xÆ¡, khÃ´ng tÃ¡ch lá»›p."", ""KhÃ³a an toÃ n Ä‘áº£m báº£o an toÃ n trong quÃ¡ trÃ¬nh sá»­ dá»¥ng."", ""Dá»… dÃ ng vá»‡ sinh, tiáº¿t kiá»‡m thá»i gian vÃ  cÃ´ng sá»©c sau khi Ã©p."", ""Giá»¯ trá»n váº¹n vitamin vÃ  dÆ°á»¡ng cháº¥t tá»« rau cá»§ quáº£ nhá» cÃ´ng nghá»‡ Ã©p cháº­m.""]","[""GiÃ¡ thÃ nh cÃ³ thá»ƒ cao hÆ¡n so vá»›i cÃ¡c loáº¡i mÃ¡y Ã©p thÃ´ng thÆ°á»ng khÃ¡c."", ""MÃ¡y Ã©p cháº­m thÆ°á»ng cÃ³ tá»‘c Ä‘á»™ Ã©p cháº­m hÆ¡n mÃ¡y Ã©p ly tÃ¢m, cáº§n kiÃªn nháº«n hÆ¡n."", ""KÃ­ch thÆ°á»›c cÃ³ thá»ƒ hÆ¡i lá»›n, chiáº¿m diá»‡n tÃ­ch trong báº¿p.""]","[{""time"": ""00:10"", ""content"": ""Giá»›i thiá»‡u tá»•ng quan vá» mÃ¡y Ã©p cháº­m LocknLock EJJ421IVY vÃ  lá»£i Ã­ch cá»§a viá»‡c Ã©p cháº­m.""}, {""time"": ""00:25"", ""content"": ""Nháº¥n máº¡nh tÃ­nh nÄƒng miá»‡ng á»‘ng tiáº¿p lá»›n giÃºp Ã©p nguyÃªn trÃ¡i, tiáº¿t kiá»‡m thá»i gian.""}, {""time"": ""00:35"", ""content"": ""MÃ´ táº£ chi tiáº¿t vá» trá»¥c Ã©p máº¡nh máº½ vÃ  lÆ°á»›i lá»c kÃ©p, táº¡o ra nÆ°á»›c Ã©p cháº¥t lÆ°á»£ng cao.""}, {""time"": ""00:45"", ""content"": ""Giá»›i thiá»‡u vá» tÃ­nh nÄƒng an toÃ n vÃ  dá»… dÃ ng vá»‡ sinh cá»§a mÃ¡y.""}]","{""rows"": [[""GiÃ¡ cáº£"", ""3.000.000 VNÄ"", ""8.000.000 VNÄ"", ""4.500.000 VNÄ""], [""Miá»‡ng á»‘ng tiáº¿p lá»›n"", ""CÃ³ (78mm)"", ""CÃ³"", ""KhÃ´ng""], [""LÆ°á»›i lá»c kÃ©p"", ""CÃ³"", ""CÃ³"", ""KhÃ´ng""], [""Äá»™ á»“n"", ""Tháº¥p"", ""Tháº¥p"", ""Trung bÃ¬nh""]], ""headers"": [""TÃ­nh nÄƒng"", ""LocknLock EJJ421IVY"", ""Hurom H-AA"", ""Philips HR1889""]}","[""NgÆ°á»i quan tÃ¢m Ä‘áº¿n sá»©c khá»e, muá»‘n bá»• sung vitamin vÃ  khoÃ¡ng cháº¥t tá»« rau cá»§ quáº£."", ""NgÆ°á»i báº­n rá»™n, muá»‘n tiáº¿t kiá»‡m thá»i gian sÆ¡ cháº¿ nguyÃªn liá»‡u."", ""Gia Ä‘Ã¬nh cÃ³ tráº» nhá», muá»‘n cung cáº¥p nÆ°á»›c Ã©p tÆ°Æ¡i ngon, an toÃ n cho bÃ©.""]","Sá»Ÿ há»¯u ngay mÃ¡y Ã©p cháº­m LocknLock EJJ421IVY Ä‘á»ƒ táº­n hÆ°á»Ÿng nhá»¯ng ly nÆ°á»›c Ã©p tÆ°Æ¡i ngon, bá»• dÆ°á»¡ng má»—i ngÃ y! Äáº·t hÃ ng ngay hÃ´m nay Ä‘á»ƒ nháº­n Æ°u Ä‘Ã£i háº¥p dáº«n!","[""mÃ¡y Ã©p cháº­m LocknLock"", ""mÃ¡y Ã©p cháº­m"", ""nÆ°á»›c Ã©p rau cá»§"", ""mÃ¡y Ã©p trÃ¡i cÃ¢y"", ""mÃ¡y Ã©p nguyÃªn trÃ¡i"", ""mÃ¡y Ã©p cháº­m giÃ¡ ráº»"", ""review mÃ¡y Ã©p cháº­m"", ""mua mÃ¡y Ã©p cháº­m á»Ÿ Ä‘Ã¢u"", ""nÆ°á»›c Ã©p tá»‘t cho sá»©c khá»e"", ""LocknLock Vietnam""]",[MÃY Ã‰P CHáº¬M EJJ421IVY] Ã‰P Má»ŒI RAU Cá»¦ - Äáº¦Y Äá»¦ DÆ¯á» NG CHáº¤T,,"[{""url"": ""https://s.shopee.vn/6KvcxThnsH"", ""price"": ""2.040.000"", ""platform"": ""shopee""}]",,,2025-10-09 11:57:26.295,31,0,0,published,2025-10-07 02:12:28.40429,2025-10-09 11:57:26.296,beee6b97-aa0d-48af-8e75-369918b19e24
1660f68c-bd9c-467e-9837-afebf4952dbd,1788ee95-7d22-4b0b-8e45-07ae2d03c7e1,may-say-tao-kieu-toc-ena426gry-nang-tam-phong-cach-toc-dep-chuan-sao-109596,https://www.youtube.com/watch?v=Z9tyRH23fgU,youtube,Z9tyRH23fgU,"[MÃY Sáº¤Y Táº O KIá»‚U TÃ“C ENA426GRY] NÃ‚NG Táº¦M PHONG CÃCH, TÃ“C Äáº¸P CHUáº¨N SAO",https://i.ytimg.com/vi/Z9tyRH23fgU/maxresdefault.jpg,"[MÃY Sáº¤Y Táº O KIá»‚U TÃ“C ENA426GRY] NÃ‚NG Táº¦M PHONG CÃCH, TÃ“C Äáº¸P CHUáº¨N SAO

ğŸ’†â€â™€ï¸ CÃ¡c tÃ­n Ä‘á»“ lÃ m Ä‘áº¹p sÃ nh Ä‘iá»‡u tháº¥u hiá»ƒu Ä‘Æ°á»£c táº§m quan trá»ng cá»§a má»™t mÃ¡i tÃ³c Ä‘Æ°á»£c chÄƒm sÃ³c vÃ  táº¡o kiá»ƒu phÃ¹ há»£p. KhÃ´ng chá»‰ lÃ  mÃ¡y sáº¥y tÃ³c thÃ´ng thÆ°á»ng,  MÃ¡y sáº¥y tÃ³c táº¡o kiá»ƒu LocknLock Multi Hair Dryer Ä‘em Ä‘áº¿n má»™t giáº£i phÃ¡p lÃ m Ä‘áº¹p mÃ  báº¥t ká»³ tÃ­n Ä‘á»“ yÃªu tÃ³c Ä‘á»u cáº§n cÃ³ táº¡i gia. Sá»Ÿ há»¯u tÃ³c Ä‘áº¹p chuáº©n sao, táº¥t cáº£ trong má»™t cÃ¹ng dÃ n Æ°u Ä‘iá»ƒm miá»…n bÃ n:

ğŸ’™ Äá»™ng cÆ¡ BLDC tá»‘c Ä‘á»™ cao (100.000 vÃ²ng/phÃºt) sáº¥y nhanh, khÃ´ng lÃ m bá»ng rÃ¡t da Ä‘áº§u cÃ¹ng cÃ´ng nghá»‡ giáº£i phÃ³ng 400 triá»‡u ion Ã¢m tÃ¡i táº¡o cáº¥u trÃºc tÃ³c, nuÃ´i dÆ°á»¡ng lá»n tÃ³c luÃ´n bÃ³ng mÆ°á»£t mÃ  khÃ´ng lo xÆ¡ rá»‘i.
ğŸ’™ Trá»n bá»™ chuáº©n salon gá»“m 5 Ä‘áº§u sáº¥y chuyÃªn biá»‡t cho tá»«ng nhu cáº§u, sáº¥y khÃ´, táº¡o kiá»ƒu hoÃ n háº£o, chÃ­nh xÃ¡c chuáº©n salon má»—i ngÃ y.
ğŸ’™Thiáº¿t káº¿ sang trá»ng, trang nhÃ£ vÃ  há»™p Ä‘á»±ng kÃ¨m tiá»‡n lá»i, Ä‘á»“ng hÃ nh cÃ¹ng ""nÃ ng"" trong má»i chuyáº¿n â€œxÃª dá»‹châ€.

ğŸ’ƒ Tá»«ng lá»n tÃ³c má»m mÆ°á»£t, khá»e khoáº¯n chÃ­nh lÃ  biá»ƒu hiá»‡n rÃµ nÃ©t cá»§a sá»± chÄƒm sÃ³c ká»¹ lÆ°á»¡ng vÃ  tÃ¬nh yÃªu báº£n thÃ¢n. Tráº£i nghiá»‡m cÃ´ng nghá»‡ Ä‘á»‰nh, nÃ¢ng táº§m tÃ³c chuáº©n salon cÃ¹ng MÃ¡y sáº¥y táº¡o kiá»ƒu tÃ³c ENA426GRY LockLock 

ğŸ›’Sáº£n pháº©m cÃ³ bÃ¡n táº¡i cÃ¡c kÃªnh trá»±c tuyáº¿n nhÃ  LocknLock:
- Shopee: https://s.shopee.vn/8f7PQRvdCN
- Lazada: https://c.lazada.vn/t/c.0EyuWp
- Tiki: https://ti.ki/atx9NCKW/X0JMBCWD
- LocknLock Store: https://bit.ly/ENA426GRY

ğŸ”» Theo dÃµi LocknLock Vietnam Ä‘á»ƒ cáº­p nháº­t thÃ´ng tin má»›i nháº¥t.
#LocknLock #LocknLockVietnam #HairDryer #MaySayToc
------------------
LocknLock Viá»‡t Nam
Hotline: 028.5413.5750 ~ 53 (HCM) / 024 6293 9370 (HÃ  Ná»™i)
Há»‡ thá»‘ng chuá»—i cá»­a hÃ ng â€“ KÃªnh phÃ¢n phá»‘i Online chÃ­nh thá»©c cá»§a LocknLock:
http://bit.ly/LnLHeThongCuaHang. Má»i báº¡n ghÃ© tham quan vÃ  mua sáº¯m nhÃ©!",LocknLock Vietnam,https://www.youtube.com/channel/UCZNyjLXfmUPk12y6bdVgn8A,"Video giá»›i thiá»‡u mÃ¡y sáº¥y táº¡o kiá»ƒu tÃ³c LocknLock ENA426GRY, nháº¥n máº¡nh kháº£ nÄƒng táº¡o kiá»ƒu chuáº©n salon ngay táº¡i nhÃ . Sáº£n pháº©m ná»•i báº­t vá»›i Ä‘á»™ng cÆ¡ BLDC máº¡nh máº½, cÃ´ng nghá»‡ ion Ã¢m giÃºp tÃ³c bÃ³ng mÆ°á»£t, vÃ  bá»™ 5 Ä‘áº§u sáº¥y chuyÃªn dá»¥ng. Thiáº¿t káº¿ sang trá»ng, tiá»‡n lá»£i mang theo khi di chuyá»ƒn. ÄÃ¢y lÃ  giáº£i phÃ¡p lÃ m Ä‘áº¹p toÃ n diá»‡n cho mÃ¡i tÃ³c, giÃºp chá»‹ em tá»± tin thá»ƒ hiá»‡n phong cÃ¡ch.","[""Sáº¥y nhanh, khÃ´ng gÃ¢y bá»ng rÃ¡t da Ä‘áº§u nhá» Ä‘á»™ng cÆ¡ BLDC tá»‘c Ä‘á»™ cao."", ""TÃ³c bÃ³ng mÆ°á»£t, giáº£m xÆ¡ rá»‘i nhá» cÃ´ng nghá»‡ 400 triá»‡u ion Ã¢m."", ""Táº¡o Ä‘Æ°á»£c nhiá»u kiá»ƒu tÃ³c khÃ¡c nhau vá»›i 5 Ä‘áº§u sáº¥y chuyÃªn biá»‡t (sáº¥y khÃ´, táº¡o kiá»ƒu, v.v.)."", ""Thiáº¿t káº¿ sang trá»ng, trang nhÃ£, phÃ¹ há»£p lÃ m quÃ  táº·ng."", ""CÃ³ há»™p Ä‘á»±ng tiá»‡n lá»£i, dá»… dÃ ng mang theo khi Ä‘i du lá»‹ch hoáº·c cÃ´ng tÃ¡c.""]","[""GiÃ¡ thÃ nh cÃ³ thá»ƒ cao hÆ¡n so vá»›i cÃ¡c loáº¡i mÃ¡y sáº¥y thÃ´ng thÆ°á»ng."", ""Cáº§n thá»i gian lÃ m quen vá»›i cÃ¡c Ä‘áº§u sáº¥y khÃ¡c nhau Ä‘á»ƒ sá»­ dá»¥ng hiá»‡u quáº£."", ""CÃ³ thá»ƒ hÆ¡i cá»“ng ká»nh so vá»›i mÃ¡y sáº¥y du lá»‹ch mini.""]","[{""time"": ""00:10"", ""content"": ""Giá»›i thiá»‡u tá»•ng quan vá» mÃ¡y sáº¥y táº¡o kiá»ƒu tÃ³c LocknLock ENA426GRY vÃ  lá»£i Ã­ch cá»§a viá»‡c chÄƒm sÃ³c tÃ³c chuyÃªn nghiá»‡p táº¡i nhÃ .""}, {""time"": ""00:25"", ""content"": ""Nháº¥n máº¡nh Ä‘á»™ng cÆ¡ BLDC vÃ  cÃ´ng nghá»‡ ion Ã¢m giÃºp sáº¥y nhanh, báº£o vá»‡ tÃ³c khá»i hÆ° tá»•n.""}, {""time"": ""00:35"", ""content"": ""Giá»›i thiá»‡u chi tiáº¿t vá» 5 Ä‘áº§u sáº¥y vÃ  cÃ´ng dá»¥ng cá»§a tá»«ng Ä‘áº§u trong viá»‡c táº¡o kiá»ƒu tÃ³c.""}, {""time"": ""00:45"", ""content"": ""Äá» cáº­p Ä‘áº¿n thiáº¿t káº¿ sang trá»ng vÃ  tÃ­nh di Ä‘á»™ng cá»§a sáº£n pháº©m.""}]","{""rows"": [[""CÃ´ng nghá»‡"", ""BLDC, Ion Ã¢m"", ""Cáº£m biáº¿n MoistureProtect, Ion"", ""Nanoeâ„¢ & Double Mineral""], [""Sá»‘ lÆ°á»£ng Ä‘áº§u sáº¥y"", ""5"", ""1"", ""3""], [""GiÃ¡ tham kháº£o"", ""~2.500.000 VNÄ"", ""~2.000.000 VNÄ"", ""~4.000.000 VNÄ""], [""Æ¯u Ä‘iá»ƒm ná»•i báº­t"", ""Äa dáº¡ng Ä‘áº§u sáº¥y, thiáº¿t káº¿ Ä‘áº¹p"", ""CÃ´ng nghá»‡ báº£o vá»‡ Ä‘á»™ áº©m"", ""CÃ´ng nghá»‡ Nanoeâ„¢ dÆ°á»¡ng áº©m sÃ¢u""]], ""headers"": [""TÃ­nh nÄƒng"", ""LocknLock ENA426GRY"", ""Philips MoistureProtect HP8280"", ""Panasonic EH-NA98""]}","[""Phá»¥ ná»¯ tráº», hiá»‡n Ä‘áº¡i, quan tÃ¢m Ä‘áº¿n viá»‡c chÄƒm sÃ³c tÃ³c vÃ  táº¡o kiá»ƒu táº¡i nhÃ ."", ""Nhá»¯ng ngÆ°á»i thÆ°á»ng xuyÃªn Ä‘i du lá»‹ch, cÃ´ng tÃ¡c vÃ  muá»‘n cÃ³ má»™t mÃ¡y sáº¥y tÃ³c tiá»‡n lá»£i, Ä‘a nÄƒng."", ""CÃ¡c bÃ  máº¹ bá»‰m sá»¯a muá»‘n tiáº¿t kiá»‡m thá»i gian chÄƒm sÃ³c tÃ³c mÃ  váº«n cÃ³ mÃ¡i tÃ³c Ä‘áº¹p.""]","NÃ¢ng táº§m phong cÃ¡ch, sá»Ÿ há»¯u mÃ¡i tÃ³c chuáº©n salon ngay táº¡i nhÃ  vá»›i mÃ¡y sáº¥y táº¡o kiá»ƒu LocknLock ENA426GRY! Mua ngay hÃ´m nay Ä‘á»ƒ nháº­n Æ°u Ä‘Ã£i háº¥p dáº«n!","[""mÃ¡y sáº¥y tÃ³c LocknLock"", ""mÃ¡y sáº¥y táº¡o kiá»ƒu"", ""mÃ¡y sáº¥y ion Ã¢m"", ""chÄƒm sÃ³c tÃ³c táº¡i nhÃ "", ""táº¡o kiá»ƒu tÃ³c chuyÃªn nghiá»‡p"", ""mÃ¡y sáº¥y tÃ³c tá»‘t nháº¥t"", ""mÃ¡y sáº¥y tÃ³c giÃ¡ ráº»"", ""mÃ¡y sáº¥y tÃ³c du lá»‹ch"", ""mua mÃ¡y sáº¥y tÃ³c á»Ÿ Ä‘Ã¢u"", ""review mÃ¡y sáº¥y tÃ³c LocknLock ENA426GRY""]","[REVIEW]MÃY Sáº¤Y Táº O KIá»‚U TÃ“C ENA426GRY NÃ‚NG Táº¦M PHONG CÃCH, TÃ“C Äáº¸P CHUáº¨N SAO",,"[{""url"": ""https://shorten.asia/Xdt9g47b"", ""price"": ""1.501.000Ä‘"", ""platform"": ""Äáº¶T MUA Táº I SHOPEE MALL""}]",,,2025-10-10 00:34:59.381,0,0,0,published,2025-10-08 12:55:07.081919,2025-10-10 00:34:59.381,beee6b97-aa0d-48af-8e75-369918b19e24
1de7b6ec-ea80-4713-b800-2696dfbb87c2,1788ee95-7d22-4b0b-8e45-07ae2d03c7e1,dau-bep-huy-tran-va-tro-thu-mot-cong-tram-tien-ich-tu-locknlock-721361,https://youtube.com/watch?v=dMIf7U_bOVs,youtube,dMIf7U_bOVs,"Äáº¦U Báº¾P HUY TRáº¦N VÃ€ ""TRá»¢ THá»¦"" Má»˜T CÃ”NG TRÄ‚M TIá»†N Tá»ª LOCKNLOCK",https://i.ytimg.com/vi/dMIf7U_bOVs/maxresdefault.jpg,"ğŸ’¯ Äáº¦U Báº¾P HUY TRáº¦N VÃ€ ""TRá»¢ THá»¦"" Má»˜T CÃ”NG TRÄ‚M TIá»†N Tá»ª LOCKNLOCK

ğŸ¤” Báº¡n cáº§n bao nhiÃªu thiáº¿t bá»‹ Ä‘á»ƒ cÃ³ thá»ƒ hoÃ n thÃ nh Ä‘Æ°á»£c mÃ³n ngon chuáº©n Ã½ mÃ¬nh?

ğŸ‘¨â€ğŸ³ CÃ¢u tráº£ lá»i tá»« ""phÃ¹ thá»§y"" nhÃ  báº¿p Huy Tráº§n chá»‰ lÃ  1 nhÃ©! Ná»“i chiÃªn khÃ´ng dáº§u káº¿t há»£p lÃ² vi sÃ³ng LocknLock Range Fryer khÃ´ng chá»‰ Ä‘Æ¡n giáº£n lÃ  má»™t thiáº¿t bá»‹ nhÃ  báº¿p mÃ  cÃ²n lÃ  ""cÃ¡nh tay trÃ¡i"" Ä‘áº¯c lá»±c trong quÃ¡ trÃ¬nh náº¥u ngon, báº¿p gá»n 

ğŸ”¹ Thiáº¿t káº¿ 2in1 - Káº¿t há»£p lÃ² vi sÃ³ng vÃ  chiÃªn khÃ´ng dáº§u giÃºp mÃ³n ngon Ä‘Æ°á»£c hoÃ n thÃ nh nhanh chÃ³ng
ğŸ”¹ Tinh gá»n tiá»‡n lá»£i - TÃ­nh nÄƒng tá»± vá»‡ sinh chá»‰ vá»›i 1 cá»‘c nÆ°á»›c, thÃªm tháº£nh thÆ¡i táº­n hÆ°á»Ÿng cuá»™c sá»‘ng
ğŸ”¹ Dung tÃ­ch ná»“i tá»‘i Æ°u - Tá»± tin náº¥u mÃ³n ngon Ä‘áº§y áº¯p mÃ  cháº³ng cáº§n chia tÃ¡ch nhiá»u láº§n

ğŸ’« Má»™t cÃ´ng trÄƒm tiá»‡n - CÃ¹ng Huy Tráº§n thÃªm ngay vÃ o gÃ³c báº¿p ""trá»£ thá»§ Ä‘áº¯c lá»±c"" nÃ y ngay!

ğŸ›’ Sáº£n pháº©m LÃ² chiÃªn khÃ´ng dáº§u káº¿t há»£p lÃ² vi sÃ³ng LocknLock:
- Shopee: https://bit.ly/4efiRkg
- Website: https://bit.ly/3TAhFzZ

#LocknLockVietnam #Whatsonyourmind #Giaiphaphoanhaochonhungnoibantam #RangeFryerEJF294IVY #x2tinhnangx2tietkiemkhonggian #huytran 

------------------
LocknLock Viá»‡t Nam
Hotline: 028.5413.5750 ~ 53 (HCM) / 024 6293 9370 (HÃ  Ná»™i)
Há»‡ thá»‘ng chuá»—i cá»­a hÃ ng â€“ KÃªnh phÃ¢n phá»‘i Online chÃ­nh thá»©c cá»§a LocknLock:
https://www.locknlock.vn/vi-vn/stores. Má»i báº¡n ghÃ© tham quan vÃ  mua sáº¯m nhÃ©!",LocknLock Vietnam,https://www.youtube.com/channel/UCZNyjLXfmUPk12y6bdVgn8A,"Video giá»›i thiá»‡u LÃ² chiÃªn khÃ´ng dáº§u káº¿t há»£p lÃ² vi sÃ³ng LocknLock Range Fryer vá»›i sá»± tham gia cá»§a Ä‘áº§u báº¿p Huy Tráº§n. Sáº£n pháº©m Ä‘Æ°á»£c nháº¥n máº¡nh vá» tÃ­nh nÄƒng 2 trong 1, giÃºp tiáº¿t kiá»‡m khÃ´ng gian báº¿p vÃ  thá»i gian náº¥u nÆ°á»›ng. Äáº·c biá»‡t, tÃ­nh nÄƒng tá»± lÃ m sáº¡ch giÃºp ngÆ°á»i dÃ¹ng tháº£nh thÆ¡i hÆ¡n. ÄÃ¢y lÃ  má»™t trá»£ thá»§ Ä‘áº¯c lá»±c cho nhá»¯ng ai yÃªu thÃ­ch náº¥u Äƒn nhÆ°ng khÃ´ng cÃ³ nhiá»u thá»i gian hoáº·c khÃ´ng gian báº¿p háº¡n cháº¿.","[""Thiáº¿t káº¿ 2 trong 1 (lÃ² vi sÃ³ng vÃ  ná»“i chiÃªn khÃ´ng dáº§u) giÃºp tiáº¿t kiá»‡m khÃ´ng gian báº¿p."", ""Tiáº¿t kiá»‡m thá»i gian náº¥u nÆ°á»›ng nhá» kháº£ nÄƒng káº¿t há»£p cáº£ hai chá»©c nÄƒng."", ""TÃ­nh nÄƒng tá»± lÃ m sáº¡ch tiá»‡n lá»£i, giáº£m bá»›t cÃ´ng viá»‡c dá»n dáº¹p."", ""Dung tÃ­ch tá»‘i Æ°u, Ä‘á»§ lá»›n Ä‘á»ƒ náº¥u cÃ¡c mÃ³n Äƒn cho gia Ä‘Ã¬nh mÃ  khÃ´ng cáº§n chia nhá»."", ""ÄÆ°á»£c Ä‘áº§u báº¿p Huy Tráº§n tin dÃ¹ng, tÄƒng thÃªm uy tÃ­n vÃ  sá»± tin cáº­y.""]","[""GiÃ¡ thÃ nh cÃ³ thá»ƒ cao hÆ¡n so vá»›i cÃ¡c loáº¡i ná»“i chiÃªn khÃ´ng dáº§u hoáº·c lÃ² vi sÃ³ng thÃ´ng thÆ°á»ng."", ""KÃ­ch thÆ°á»›c cÃ³ thá»ƒ lá»›n hÆ¡n cÃ¡c loáº¡i ná»“i chiÃªn khÃ´ng dáº§u Ä‘Æ¡n nÄƒng, cáº§n cÃ¢n nháº¯c khÃ´ng gian báº¿p."", ""CÃ³ thá»ƒ cáº§n thá»i gian lÃ m quen vá»›i cÃ¡c chá»©c nÄƒng káº¿t há»£p cá»§a sáº£n pháº©m.""]","[{""time"": ""00:15"", ""content"": ""Giá»›i thiá»‡u vá» sá»± tiá»‡n lá»£i cá»§a viá»‡c káº¿t há»£p lÃ² vi sÃ³ng vÃ  ná»“i chiÃªn khÃ´ng dáº§u trong má»™t thiáº¿t bá»‹.""}, {""time"": ""01:30"", ""content"": ""Nháº¥n máº¡nh vÃ o tÃ­nh nÄƒng tá»± lÃ m sáº¡ch giÃºp tiáº¿t kiá»‡m thá»i gian vÃ  cÃ´ng sá»©c.""}, {""time"": ""02:00"", ""content"": ""Äáº§u báº¿p Huy Tráº§n chia sáº» kinh nghiá»‡m sá»­ dá»¥ng sáº£n pháº©m vÃ  nhá»¯ng mÃ³n Äƒn ngon cÃ³ thá»ƒ cháº¿ biáº¿n.""}]","{""rows"": [[""Chá»©c nÄƒng"", ""ChiÃªn khÃ´ng dáº§u, vi sÃ³ng, nÆ°á»›ng"", ""ChiÃªn khÃ´ng dáº§u"", ""Vi sÃ³ng, hÃ¢m nÃ³ng""], [""Dung tÃ­ch"", ""Lá»›n (tham kháº£o thÃ´ng sá»‘ ká»¹ thuáº­t)"", ""4.1 lÃ­t"", ""20 lÃ­t""], [""GiÃ¡ tham kháº£o"", ""Cao"", ""Trung bÃ¬nh"", ""Tháº¥p""], [""Tiá»‡n Ã­ch"", ""2 trong 1, tá»± lÃ m sáº¡ch"", ""CÃ´ng nghá»‡ Rapid Air"", ""Thiáº¿t káº¿ Ä‘Æ¡n giáº£n, dá»… sá»­ dá»¥ng""]], ""headers"": [""TÃ­nh nÄƒng"", ""LocknLock Range Fryer"", ""Ná»“i chiÃªn khÃ´ng dáº§u Philips HD9252/90"", ""LÃ² vi sÃ³ng Sharp R-20A1(S)VN""]}","[""NgÆ°á»i Ä‘á»™c thÃ¢n hoáº·c cÃ¡c cáº·p vá»£ chá»“ng tráº» sá»‘ng á»Ÿ cÄƒn há»™ nhá», Æ°u tiÃªn sá»± tiá»‡n lá»£i vÃ  tiáº¿t kiá»‡m khÃ´ng gian."", ""Nhá»¯ng ngÆ°á»i yÃªu thÃ­ch náº¥u Äƒn nhÆ°ng khÃ´ng cÃ³ nhiá»u thá»i gian."", ""Nhá»¯ng ngÆ°á»i quan tÃ¢m Ä‘áº¿n sá»©c khá»e vÃ  muá»‘n giáº£m lÆ°á»£ng dáº§u má»¡ trong cÃ¡c mÃ³n Äƒn.""]",Biáº¿n cÄƒn báº¿p cá»§a báº¡n thÃ nh khÃ´ng gian sÃ¡ng táº¡o vá»›i LÃ² chiÃªn khÃ´ng dáº§u káº¿t há»£p lÃ² vi sÃ³ng LocknLock Range Fryer! Mua ngay Ä‘á»ƒ táº­n hÆ°á»Ÿng nhá»¯ng mÃ³n Äƒn ngon má»™t cÃ¡ch nhanh chÃ³ng vÃ  tiá»‡n lá»£i!,"[""LÃ² chiÃªn khÃ´ng dáº§u LocknLock"", ""LÃ² vi sÃ³ng LocknLock"", ""Ná»“i chiÃªn khÃ´ng dáº§u káº¿t há»£p lÃ² vi sÃ³ng"", ""LocknLock Range Fryer"", ""Ná»“i chiÃªn khÃ´ng dáº§u Ä‘a nÄƒng"", ""LÃ² vi sÃ³ng cÃ³ nÆ°á»›ng"", ""Thiáº¿t bá»‹ nhÃ  báº¿p thÃ´ng minh"", ""Äáº§u báº¿p Huy Tráº§n"", ""Náº¥u Äƒn tiá»‡n lá»£i"", ""Tiáº¿t kiá»‡m khÃ´ng gian báº¿p""]","Äáº¦U Báº¾P HUY TRáº¦N VÃ€ ""TRá»¢ THá»¦"" Má»˜T CÃ”NG TRÄ‚M TIá»†N ÃCH Tá»ª LOCKNLOCK",,"[{""url"": ""https://shorten.asia/5a8BYSxw"", ""price"": ""4.213.440"", ""discount"": """", ""platform"": ""Äáº¶T MUA Táº I SHOPEE MALL""}, {""url"": ""https://shorten.asia/rx1bKaja"", ""price"": ""5.087.000"", ""platform"": ""Äáº¶T MUA Táº I LAZADA MALL""}]",,,,0,0,0,published,2025-10-10 03:41:59.515498,2025-10-10 03:43:35.597,beee6b97-aa0d-48af-8e75-369918b19e24
2094e3df-178b-4efe-8975-1a88a5e6e291,1788ee95-7d22-4b0b-8e45-07ae2d03c7e1,yadea-flit-tan-binh-moi-toanh-cua-nha-yadea-nang-dong-chuan-gu-genz-yadea-viet-nam-766623,https://www.youtube.com/watch?v=NjVUEzoKjVw,youtube,NjVUEzoKjVw,"Yadea Flit - tÃ¢n binh má»›i toanh cá»§a nhÃ  Yadea, nÄƒng Ä‘á»™ng chuáº©n gu GenZ | YADEA VIá»†T NAM",https://i.ytimg.com/vi/NjVUEzoKjVw/maxresdefault.jpg,"Yadea Flit - tÃ¢n binh má»›i toanh cá»§a nhÃ  Yadea, nÄƒng Ä‘á»™ng chuáº©n gu GenZ
#yadeavietnam #xemaydienthongminh #sale #yadea #electric #yadeaflit 
___________________________
YADEA VIá»†T NAM
FACEBOOK: https://www.facebook.com/yadeabrand
TIKTOK: https://www.tiktok.com/@yadeavn
WEBSITE: https://www.yadea.com.vn/
LINKEIN: https://www.linkedin.com/company/yadea-vietnam/
INSTAGRAM: https://www.instagram.com/yadea.vietnam/
YOUTUBE: https://www.youtube.com/@yadeavietnam",YADEA Vietnam,https://www.youtube.com/channel/UCwNqzgb1QFon3ZP2jbI71Tg,"Video giá»›i thiá»‡u Yadea Flit, máº«u xe mÃ¡y Ä‘iá»‡n má»›i nháº¥t cá»§a Yadea, hÆ°á»›ng Ä‘áº¿n Ä‘á»‘i tÆ°á»£ng GenZ nÄƒng Ä‘á»™ng. Xe Ä‘Æ°á»£c thiáº¿t káº¿ vá»›i phong cÃ¡ch tráº» trung, hiá»‡n Ä‘áº¡i, há»©a háº¹n mang Ä‘áº¿n tráº£i nghiá»‡m di chuyá»ƒn thÃ´ng minh vÃ  tiá»‡n lá»£i. Flit cÃ³ thá»ƒ lÃ  lá»±a chá»n phÃ¹ há»£p cho nhá»¯ng ai tÃ¬m kiáº¿m phÆ°Æ¡ng tiá»‡n di chuyá»ƒn cÃ¡ nhÃ¢n thÃ¢n thiá»‡n vá»›i mÃ´i trÆ°á»ng vÃ  phÃ¹ há»£p vá»›i nhá»‹p sá»‘ng Ä‘Ã´ thá»‹. Video táº­p trung vÃ o viá»‡c giá»›i thiá»‡u nhá»¯ng tÃ­nh nÄƒng ná»•i báº­t vÃ  thiáº¿t káº¿ áº¥n tÆ°á»£ng cá»§a xe.","[""Thiáº¿t káº¿ tráº» trung, nÄƒng Ä‘á»™ng, phÃ¹ há»£p vá»›i gu tháº©m má»¹ cá»§a GenZ."", ""Xe mÃ¡y Ä‘iá»‡n, váº­n hÃ nh Ãªm Ã¡i, khÃ´ng gÃ¢y tiáº¿ng á»“n vÃ  thÃ¢n thiá»‡n vá»›i mÃ´i trÆ°á»ng."", ""Tiáº¿t kiá»‡m chi phÃ­ nhiÃªn liá»‡u so vá»›i xe mÃ¡y xÄƒng truyá»n thá»‘ng."", ""TÃ­ch há»£p cÃ¡c tÃ­nh nÄƒng thÃ´ng minh, mang láº¡i tráº£i nghiá»‡m lÃ¡i xe tiá»‡n lá»£i."", ""Dá»… dÃ ng di chuyá»ƒn trong thÃ nh phá»‘, khÃ´ng lo táº¯c Ä‘Æ°á»ng.""]","[""Pháº¡m vi di chuyá»ƒn cÃ³ thá»ƒ bá»‹ giá»›i háº¡n bá»Ÿi dung lÆ°á»£ng pin."", ""Thá»i gian sáº¡c pin cÃ³ thá»ƒ kÃ©o dÃ i, gÃ¢y báº¥t tiá»‡n cho ngÆ°á»i dÃ¹ng báº­n rá»™n."", ""GiÃ¡ thÃ nh cÃ³ thá»ƒ cao hÆ¡n so vá»›i má»™t sá»‘ máº«u xe mÃ¡y xÄƒng truyá»n thá»‘ng.""]","[{""time"": ""00:15"", ""content"": ""Giá»›i thiá»‡u tá»•ng quan vá» thiáº¿t káº¿ vÃ  phong cÃ¡ch cá»§a Yadea Flit.""}, {""time"": ""01:30"", ""content"": ""Nháº¥n máº¡nh vÃ o tÃ­nh nÄƒng thÃ´ng minh vÃ  tiá»‡n Ã­ch cá»§a xe.""}]","{""rows"": [[""GiÃ¡ cáº£ (Æ°á»›c tÃ­nh)"", ""~22 triá»‡u VNÄ"", ""~25 triá»‡u VNÄ"", ""~20 triá»‡u VNÄ""], [""QuÃ£ng Ä‘Æ°á»ng di chuyá»ƒn/láº§n sáº¡c"", ""~80km"", ""~80km"", ""~70km""], [""Tá»‘c Ä‘á»™ tá»‘i Ä‘a"", ""~50km/h"", ""~50km/h"", ""~45km/h""], [""Thiáº¿t káº¿"", ""Tráº» trung, hiá»‡n Ä‘áº¡i"", ""Thanh lá»‹ch, tá»‘i giáº£n"", ""Cá»• Ä‘iá»ƒn, Ä‘Ã¡ng yÃªu""]], ""headers"": [""TÃ­nh nÄƒng"", ""Yadea Flit"", ""VinFast Feliz S"", ""Dibao Gogo S4""]}","[""Há»c sinh, sinh viÃªn di chuyá»ƒn trong thÃ nh phá»‘."", ""NhÃ¢n viÃªn vÄƒn phÃ²ng tÃ¬m kiáº¿m phÆ°Æ¡ng tiá»‡n Ä‘i lÃ m tiáº¿t kiá»‡m vÃ  thÃ¢n thiá»‡n mÃ´i trÆ°á»ng."", ""Nhá»¯ng ngÆ°á»i tráº» yÃªu thÃ­ch cÃ´ng nghá»‡ vÃ  phong cÃ¡ch sá»‘ng hiá»‡n Ä‘áº¡i.""]",Báº¡n Ä‘Ã£ sáºµn sÃ ng tráº£i nghiá»‡m sá»± khÃ¡c biá»‡t cá»§a Yadea Flit? Äáº·t hÃ ng ngay hÃ´m nay Ä‘á»ƒ nháº­n Æ°u Ä‘Ã£i Ä‘áº·c biá»‡t vÃ  táº­n hÆ°á»Ÿng cuá»™c sá»‘ng di Ä‘á»™ng thÃ´ng minh!,"[""Yadea Flit"", ""xe mÃ¡y Ä‘iá»‡n Yadea"", ""xe Ä‘iá»‡n GenZ"", ""xe mÃ¡y Ä‘iá»‡n thÃ´ng minh"", ""xe Ä‘iá»‡n giÃ¡ ráº»"", ""xe mÃ¡y Ä‘iá»‡n cho sinh viÃªn"", ""xe Ä‘iá»‡n thÃ¢n thiá»‡n mÃ´i trÆ°á»ng"", ""review xe Yadea Flit"", ""mua xe mÃ¡y Ä‘iá»‡n"", ""xe Ä‘iá»‡n Yadea Viá»‡t Nam""]","Yadea Flit - tÃ¢n binh má»›i toanh cá»§a nhÃ  Yadea, nÄƒng Ä‘á»™ng chuáº©n gu GenZ | YADEA VIá»†T NAM",,"[{""url"": ""https://shorten.asia/8eNPVsCB"", ""price"": ""15.990.000"", ""platform"": ""MUA Táº I YADEA SHOPEE MALL""}]",,,2025-10-09 12:03:00.79,2,0,0,published,2025-10-07 05:26:03.776792,2025-10-09 12:03:00.79,07d6f6e6-bef5-41f3-8b2c-164a2a3b2a0d
45e448df-d4ef-4d5d-9303-33109f9d6c30,1788ee95-7d22-4b0b-8e45-07ae2d03c7e1,may-hut-bui-cam-tay-mini-env136wht-tro-ly-don-dep-sach-moi-ngoc-ngach-007019,https://www.youtube.com/watch?v=q36T0U1DTn4,youtube,q36T0U1DTn4,[MÃY HÃšT Bá»¤I Cáº¦M TAY MINI ENV136WHT] TRá»¢ LÃ Dá»ŒN Dáº¸P - Sáº CH Má»ŒI NGÃ“C NGÃCH,https://i.ytimg.com/vi/q36T0U1DTn4/maxresdefault.jpg,"[MÃY HÃšT Bá»¤I Cáº¦M TAY MINI ENV136WHT] TRá»¢ LÃ Dá»ŒN Dáº¸P - Sáº CH Má»ŒI NGÃ“C NGÃCH
ğŸ Bá»¥i báº©n cá»©ng Ä‘áº§u luÃ´n tÃ¬m cÃ¡ch láº©n trá»‘n khiáº¿n viá»‡c dá»n dáº¹p thÃªm nhá»c?
ÄÃ³ chá»‰ lÃ  quÃ¡ khá»© vÃ¬ nÃ y Ä‘Ã£ cÃ³ trá»£ thá»§ dá»n dáº¹p má»›i - MÃ¡y hÃºt bá»¥i cáº§m tay mini Locknlock ENV136WHT - kháº¯c tinh bá»¥i báº©n, dá»n sáº¡ch má»i ngÃ³c ngÃ¡ch chá»‰ trong tÃ­ch táº¯c. 

ğŸŒ¼Äiá»ƒm máº·t, gá»i tÃªn nhá»¯ng tÃ­nh nÄƒng cá»±c kÃ¬ Ä‘á»™c Ä‘Ã¡o cá»§a em nÃ³ ngay dÆ°á»›i Ä‘Ã¢y nÃ o! 
ğŸ”–Hoáº¡t Ä‘á»™ng bá»n bá»‰ vá»›i pin Li-ion dung tÃ­ch cá»±c lá»›n 2600mAh 
ğŸ”–Dung tÃ­ch há»™p chá»©a bá»¥i lá»›n lÃªn Ä‘áº¿n 500mL Ä‘á»ƒ cÃ³ thá»ƒ chá»©a nhiá»u bá»¥i hÆ¡n 
ğŸ”–Lá»±c hÃºt máº¡nh máº½ lÃªn Ä‘áº¿n 6.000 PA, dá»… dÃ ng hÃºt bá»¥i vÃ  lÃ m sáº¡ch hiá»‡u quáº£
ğŸ”–Äáº¿ sáº¡c vá»«a giÃºp lÆ°u trá»¯ vÃ  sáº¡c thiáº¿t bá»‹ má»™t cÃ¡ch tiá»‡n lá»£i vá»«a Ä‘á»ƒ lÆ°u trá»¯ cÃ¡c phá»¥ kiá»‡n dá»… dÃ ng 
ğŸ”–Thiáº¿t káº¿ khÃ´ng dÃ¢y, trá»ng lÆ°á»£ng nháº¹ dá»… dÃ ng nháº¥c vÃ  di chuyá»ƒn sáº£n pháº©m má»™t cÃ¡ch dá»… dÃ ng 
ğŸ”–Bá»™ lá»c HEPA káº¿t há»£p vá»›i mÃ ng lá»c SS cÃ³ kháº£ nÄƒng lá»c bá»¥i siÃªu má»‹n vÃ  dá»… dÃ ng vá»‡ sinh bá»™ lá»c vá»›i nÆ°á»›c sau khi sá»­ dá»¥ng 
ğŸ”–Phá»¥ kiá»‡n Ä‘i kÃ¨m Ä‘a dáº¡ng: Äáº§u hÃºt chá»•i cho viá»‡c vá»‡ sinh Ä‘á»“ ná»™i tháº¥t, rÃ¨m cá»­a; Äáº§u hÃºt khe cho viá»‡c  vá»‡ sinh cÃ¡c gÃ³c, khu vá»±c háº¹p

ğŸ“£Dá»… dÃ ng â€œchinh phá»¥câ€ má»i ngÃ³c ngÃ¡ch vÃ¬ Ä‘Ã£ cÃ³ â€œtrá»£ thá»§â€ MÃ¡y hÃºt bá»¥i cáº§m tay mini Locknlock ENV136WHT

ğŸ›’Sáº£n pháº©m cÃ³ bÃ¡n táº¡i kÃªnh mua sáº¯m trá»±c tuyáº¿n cá»§a LocknLock
- Shopee: https://bit.ly/3Xdya63
- Lazada: https://s.lazada.vn/a.Rk1
- Tiki: https://tiki.vn/product-p275332051.html?spid=275332052

ğŸ”» Theo dÃµi LocknLock Vietnam Ä‘á»ƒ cáº­p nháº­t thÃ´ng tin má»›i nháº¥t.

#LocknLock #LocknLockVietnam #Mayhutbuimini  #MinivacuumcleanerENV136WHT
------------------
LocknLock Viá»‡t Nam
Hotline: 028.5413.5750 ~ 53 (HCM) / 024 6293 9370 (HÃ  Ná»™i)
Há»‡ thá»‘ng chuá»—i cá»­a hÃ ng â€“ KÃªnh phÃ¢n phá»‘i Online chÃ­nh thá»©c cá»§a LocknLock:
http://bit.ly/LnLHeThongCuaHang. Má»i báº¡n ghÃ© tham quan vÃ  mua sáº¯m nhÃ©!",LocknLock Vietnam,https://www.youtube.com/channel/UCZNyjLXfmUPk12y6bdVgn8A,"MÃ¡y hÃºt bá»¥i cáº§m tay mini LocknLock ENV136WHT, má»™t giáº£i phÃ¡p dá»n dáº¹p tiá»‡n lá»£i cho má»i ngÃ³c ngÃ¡ch trong nhÃ . Sáº£n pháº©m ná»•i báº­t vá»›i thiáº¿t káº¿ nhá» gá»n, khÃ´ng dÃ¢y, lá»±c hÃºt máº¡nh máº½ vÃ  bá»™ lá»c HEPA, giÃºp viá»‡c dá»n dáº¹p trá»Ÿ nÃªn dá»… dÃ ng vÃ  hiá»‡u quáº£ hÆ¡n. Äáº·c biá»‡t, mÃ¡y cÃ²n Ä‘i kÃ¨m nhiá»u phá»¥ kiá»‡n Ä‘á»ƒ vá»‡ sinh cÃ¡c khu vá»±c khÃ¡c nhau nhÆ° ná»™i tháº¥t, rÃ¨m cá»­a vÃ  khe háº¹p. ÄÃ¢y lÃ  trá»£ thá»§ Ä‘áº¯c lá»±c giÃºp báº¡n tiáº¿t kiá»‡m thá»i gian vÃ  cÃ´ng sá»©c trong viá»‡c giá»¯ gÃ¬n nhÃ  cá»­a sáº¡ch sáº½.","[""Thiáº¿t káº¿ nhá» gá»n, khÃ´ng dÃ¢y, dá»… dÃ ng di chuyá»ƒn vÃ  sá»­ dá»¥ng á»Ÿ má»i nÆ¡i trong nhÃ , ká»ƒ cáº£ nhá»¯ng khu vá»±c khÃ³ tiáº¿p cáº­n."", ""Lá»±c hÃºt máº¡nh máº½ 6000 PA giÃºp hÃºt sáº¡ch bá»¥i báº©n, tÃ³c vÃ  cÃ¡c máº£nh vá»¥n nhá» má»™t cÃ¡ch hiá»‡u quáº£."", ""Bá»™ lá»c HEPA vÃ  mÃ ng lá»c SS cÃ³ kháº£ nÄƒng lá»c bá»¥i má»‹n, báº£o vá»‡ sá»©c khá»e gia Ä‘Ã¬nh vÃ  dá»… dÃ ng vá»‡ sinh."", ""Dung tÃ­ch há»™p chá»©a bá»¥i lá»›n 500mL, giáº£m táº§n suáº¥t Ä‘á»• bá»¥i, tiáº¿t kiá»‡m thá»i gian dá»n dáº¹p."", ""Äi kÃ¨m nhiá»u phá»¥ kiá»‡n há»¯u Ã­ch nhÆ° Ä‘áº§u hÃºt chá»•i vÃ  Ä‘áº§u hÃºt khe, Ä‘Ã¡p á»©ng nhu cáº§u vá»‡ sinh Ä‘a dáº¡ng.""]","[""Thá»i gian hoáº¡t Ä‘á»™ng cÃ³ thá»ƒ bá»‹ giá»›i háº¡n bá»Ÿi dung lÆ°á»£ng pin (cáº§n xem review chi tiáº¿t Ä‘á»ƒ biáº¿t thá»i gian sá»­ dá»¥ng thá»±c táº¿)."", ""Lá»±c hÃºt 6000 PA cÃ³ thá»ƒ khÃ´ng Ä‘á»§ máº¡nh cho cÃ¡c loáº¡i bá»¥i báº©n cá»©ng Ä‘áº§u hoáº·c tháº£m dÃ y (cáº§n cÃ¢n nháº¯c náº¿u nhÃ  cÃ³ nhiá»u tháº£m)."", ""GiÃ¡ thÃ nh cÃ³ thá»ƒ cao hÆ¡n so vá»›i cÃ¡c loáº¡i mÃ¡y hÃºt bá»¥i cáº§m tay mini khÃ¡c trÃªn thá»‹ trÆ°á»ng (cáº§n so sÃ¡nh giÃ¡ trÆ°á»›c khi mua).""]","[{""time"": ""00:10"", ""content"": ""Giá»›i thiá»‡u váº¥n Ä‘á» bá»¥i báº©n cá»©ng Ä‘áº§u vÃ  sá»± cáº§n thiáº¿t cá»§a má»™t trá»£ thá»§ dá»n dáº¹p.""}, {""time"": ""00:20"", ""content"": ""Äiá»ƒm qua cÃ¡c tÃ­nh nÄƒng ná»•i báº­t cá»§a mÃ¡y hÃºt bá»¥i LocknLock ENV136WHT: pin lá»›n, dung tÃ­ch há»™p bá»¥i lá»›n, lá»±c hÃºt máº¡nh, thiáº¿t káº¿ khÃ´ng dÃ¢y, bá»™ lá»c HEPA vÃ  phá»¥ kiá»‡n Ä‘a dáº¡ng.""}]","{""rows"": [[""GiÃ¡ cáº£ (Æ°á»›c tÃ­nh)"", ""700.000 - 900.000 VNÄ"", ""500.000 - 700.000 VNÄ"", ""600.000 - 800.000 VNÄ""], [""Lá»±c hÃºt"", ""6000 PA"", ""13000 PA"", ""7000 PA""], [""Dung tÃ­ch há»™p bá»¥i"", ""500mL"", ""100mL"", ""0.8L""], [""Thá»i gian hoáº¡t Ä‘á»™ng"", ""ChÆ°a rÃµ (cáº§n xem review)"", ""30 phÃºt"", ""30 phÃºt""], [""Bá»™ lá»c"", ""HEPA + SS"", ""HEPA"", ""HEPA""]], ""headers"": [""TÃ­nh nÄƒng"", ""LocknLock ENV136WHT"", ""Xiaomi Mijia Mini"", ""Deerma VC20S""]}","[""NgÆ°á»i sá»‘ng trong cÄƒn há»™ nhá» hoáº·c nhÃ  cÃ³ diá»‡n tÃ­ch háº¡n cháº¿, cáº§n má»™t giáº£i phÃ¡p dá»n dáº¹p nhanh chÃ³ng vÃ  tiá»‡n lá»£i."", ""NgÆ°á»i cÃ³ Ã´ tÃ´ riÃªng, muá»‘n giá»¯ cho xe luÃ´n sáº¡ch sáº½."", ""NgÆ°á»i báº­n rá»™n, khÃ´ng cÃ³ nhiá»u thá»i gian cho viá»‡c dá»n dáº¹p nhÃ  cá»­a.""]",Äá»«ng Ä‘á»ƒ bá»¥i báº©n lÃ m phiá»n báº¡n ná»¯a! Sá»Ÿ há»¯u ngay mÃ¡y hÃºt bá»¥i cáº§m tay mini LocknLock ENV136WHT Ä‘á»ƒ tráº£i nghiá»‡m sá»± khÃ¡c biá»‡t trong viá»‡c dá»n dáº¹p nhÃ  cá»­a.,"[""mÃ¡y hÃºt bá»¥i cáº§m tay"", ""mÃ¡y hÃºt bá»¥i mini"", ""LocknLock ENV136WHT"", ""mÃ¡y hÃºt bá»¥i khÃ´ng dÃ¢y"", ""mÃ¡y hÃºt bá»¥i gia Ä‘Ã¬nh"", ""mÃ¡y hÃºt bá»¥i Ã´ tÃ´"", ""vá»‡ sinh nhÃ  cá»­a"", ""dá»n dáº¹p nhÃ  cá»­a"", ""mÃ¡y hÃºt bá»¥i giÃ¡ ráº»"", ""mÃ¡y hÃºt bá»¥i chÃ­nh hÃ£ng""]",REVIEW [MÃY HÃšT Bá»¤I Cáº¦M TAY MINI ENV136WHT] TRá»¢ LÃ Dá»ŒN Dáº¸P - Sáº CH Má»ŒI NGÃ“C NGÃCH,,"[{""url"": ""https://shorten.asia/jFAYzMA1"", ""price"": ""1.056.000Ä‘"", ""platform"": ""Äáº¶T MUA Táº I SHOPEE""}]",,,2025-10-09 04:41:54.978,47,0,0,published,2025-10-07 10:30:04.880041,2025-10-09 07:27:32.672,beee6b97-aa0d-48af-8e75-369918b19e24
65282e9d-d69e-48c7-a7cf-e4e3819926e9,1788ee95-7d22-4b0b-8e45-07ae2d03c7e1,noi-nau-cham-da-nang-ejp164ivy-mon-ham-da-dang-thang-hang-vi-giac-238438,https://www.youtube.com/watch?v=RBny8Ygxy1I,youtube,RBny8Ygxy1I,[Ná»’I Náº¤U CHáº¬M ÄA NÄ‚NG EJP164IVY] MÃ“N Háº¦M ÄA Dáº NG - THÄ‚NG Háº NG Vá»Š GIÃC,https://i.ytimg.com/vi/RBny8Ygxy1I/maxresdefault.jpg,"[Ná»’I Náº¤U CHáº¬M ÄA NÄ‚NG EJP164IVY] MÃ“N Háº¦M ÄA Dáº NG - THÄ‚NG Háº NG Vá»Š GIÃC

âœ¨ Má»—i láº§n náº¥u mÃ³n háº§m, máº¹ pháº£i ""3 Ä‘áº§u 6 tay"" chuáº©n bá»‹ ká»³ cÃ´ng, tá»‘n thá»i gian canh lá»­a sao cho Ä‘á»u Ä‘á»ƒ cÆ¡m nhÃ  thÃªm trá»n váº¹n. NhÆ°ng giá» Ä‘Ã¢y, Ä‘Ã£ cÃ³ ""trá»£ thá»§"" Ná»“i náº¥u cháº­m Ä‘a nÄƒng EJP164IVY tá»« LocknLock, máº¹ chá»‰ cáº§n cho nguyÃªn liá»‡u vÃ o vÃ  chá» Ä‘á»£i, Ä‘áº£m báº£o mÃ³n háº§m hoÃ n háº£o tá»« hÆ°Æ¡ng vá»‹ Ä‘áº¿n dinh dÆ°á»¡ng

ğŸ’« CÃ´ng nghá»‡ náº¥u cháº­m vá»›i nhiá»‡t Ä‘á»™ tháº¥p giÃºp thá»±c pháº©m chÃ­n tá»« tá»«, má»m ngon vÃ  Ä‘áº­m Ä‘Ã  hÆ°Æ¡ng vá»‹
ğŸ’« Ná»“i gá»‘m sá»© cao cáº¥p, an toÃ n cho sá»©c khá»e, giá»¯ nhiá»‡t tá»‘t
ğŸ’« Cháº¿ Ä‘á»™ háº¹n giá» vÃ  giá»¯ áº¥m 24 tiáº¿ng, khÃ´ng cáº§n canh lá»­a mÃ  váº«n cÃ³ mÃ³n ngon Ä‘Ãºng bá»¯a
ğŸ’« Dung tÃ­ch lá»›n 2,5L vÃ  3 thá»‘ sá»© nhá» 400ml, tiá»‡n lá»£i cháº¿ biáº¿n nhiá»u mÃ³n cÃ¹ng lÃºc
ğŸ’« 7 cháº¿ Ä‘á»™ náº¥u Ä‘a nÄƒng, ""cÃ¢n"" má»i thá»±c Ä‘Æ¡n

ğŸ’™ MÃ³n ngon dinh dÆ°á»¡ng, Ä‘Æ¡n giáº£n máº¹ nhÃ n. Sáº¯m ngay ""báº£o bá»‘i"" Ná»“i náº¥u cháº­m EJP164IVY tá»« nhÃ  LocknLock ngay!

ğŸ›’Mua sáº¯m trá»±c tuyáº¿n táº¡i:
- Shopee: https://bit.ly/EJP164IVY
- Lazada: https://s.lazada.vn/a.RNB
- Tiki: https://ti.ki/t7RGLVSs/LOCKNLOCK
- LocknLock Store: https://bit.ly/3zqNYKM  

Theo dÃµi LocknLock Vietnam Ä‘á»ƒ cáº­p nháº­t thÃ´ng tin má»›i nháº¥t.
#LocknLock #LocknLockVietnam #Noinaucham #Multifunctionslowcooker
------------------
LocknLock Viá»‡t Nam
Hotline: 028.5413.5750 ~ 53 (HCM) / 024 6293 9370 (HÃ  Ná»™i)
Há»‡ thá»‘ng chuá»—i cá»­a hÃ ng â€“ KÃªnh phÃ¢n phá»‘i Online chÃ­nh thá»©c cá»§a LocknLock:
https://www.locknlock.vn/vi-vn/stores. Má»i báº¡n ghÃ© tham quan vÃ  mua sáº¯m nhÃ©!",LocknLock Vietnam,https://www.youtube.com/channel/UCZNyjLXfmUPk12y6bdVgn8A,"Video giá»›i thiá»‡u ná»“i náº¥u cháº­m Ä‘a nÄƒng EJP164IVY cá»§a LocknLock, nháº¥n máº¡nh vÃ o kháº£ nÄƒng giÃºp ngÆ°á»i dÃ¹ng náº¥u cÃ¡c mÃ³n háº§m má»™t cÃ¡ch dá»… dÃ ng vÃ  tiá»‡n lá»£i, tiáº¿t kiá»‡m thá»i gian vÃ  cÃ´ng sá»©c. Ná»“i cÃ³ nhiá»u tÃ­nh nÄƒng nhÆ° náº¥u cháº­m, háº¹n giá», giá»¯ áº¥m vÃ  Ä‘i kÃ¨m nhiá»u thá»‘ nhá», phÃ¹ há»£p cho viá»‡c cháº¿ biáº¿n Ä‘a dáº¡ng mÃ³n Äƒn. Sáº£n pháº©m Ä‘Æ°á»£c quáº£ng cÃ¡o nhÆ° má»™t ""trá»£ thá»§"" Ä‘áº¯c lá»±c cho cÃ¡c bÃ  ná»™i trá»£ báº­n rá»™n, giÃºp mang Ä‘áº¿n nhá»¯ng bá»¯a Äƒn ngon vÃ  Ä‘áº§y Ä‘á»§ dinh dÆ°á»¡ng cho gia Ä‘Ã¬nh. Video khuyáº¿n khÃ­ch ngÆ°á»i xem mua sáº£n pháº©m thÃ´ng qua cÃ¡c Ä‘Æ°á»ng link Ä‘áº¿n cÃ¡c trang thÆ°Æ¡ng máº¡i Ä‘iá»‡n tá»­.","[""Náº¥u cháº­m giÃºp thá»±c pháº©m chÃ­n má»m, giá»¯ Ä‘Æ°á»£c hÆ°Æ¡ng vá»‹ vÃ  dinh dÆ°á»¡ng tá»‘t hÆ¡n."", ""Ná»“i gá»‘m sá»© an toÃ n cho sá»©c khá»e, giá»¯ nhiá»‡t tá»‘t, giÃºp mÃ³n Äƒn luÃ´n nÃ³ng há»•i."", ""Cháº¿ Ä‘á»™ háº¹n giá» vÃ  giá»¯ áº¥m 24 tiáº¿ng, tiá»‡n lá»£i cho ngÆ°á»i báº­n rá»™n, cÃ³ mÃ³n ngon Ä‘Ãºng giá»."", ""Dung tÃ­ch lá»›n 2.5L vÃ  3 thá»‘ sá»© nhá», cÃ³ thá»ƒ náº¥u nhiá»u mÃ³n cÃ¹ng lÃºc, tiáº¿t kiá»‡m thá»i gian."", ""7 cháº¿ Ä‘á»™ náº¥u Ä‘a nÄƒng, Ä‘Ã¡p á»©ng nhu cáº§u náº¥u nhiá»u mÃ³n khÃ¡c nhau nhÆ° háº§m, chÃ¡o, sÃºp...""]","[""GiÃ¡ thÃ nh cÃ³ thá»ƒ cao hÆ¡n so vá»›i cÃ¡c loáº¡i ná»“i thÃ´ng thÆ°á»ng khÃ¡c."", ""KÃ­ch thÆ°á»›c lá»›n cÃ³ thá»ƒ chiáº¿m diá»‡n tÃ­ch trong báº¿p."", ""Ná»“i gá»‘m sá»© cáº§n cáº©n tháº­n khi sá»­ dá»¥ng vÃ  vá»‡ sinh Ä‘á»ƒ trÃ¡nh bá»‹ vá»¡.""]","[{""time"": ""00:10"", ""content"": ""Giá»›i thiá»‡u ná»“i náº¥u cháº­m nhÆ° má»™t giáº£i phÃ¡p cho cÃ¡c bÃ  máº¹ báº­n rá»™n muá»‘n náº¥u mÃ³n háº§m ngon vÃ  dinh dÆ°á»¡ng.""}, {""time"": ""00:25"", ""content"": ""Nháº¥n máº¡nh cÃ´ng nghá»‡ náº¥u cháº­m giÃºp mÃ³n Äƒn chÃ­n tá»« tá»«, má»m ngon vÃ  Ä‘áº­m Ä‘Ã .""}, {""time"": ""00:35"", ""content"": ""Giá»›i thiá»‡u cÃ¡c tÃ­nh nÄƒng tiá»‡n lá»£i nhÆ° háº¹n giá», giá»¯ áº¥m vÃ  dung tÃ­ch lá»›n.""}, {""time"": ""00:45"", ""content"": ""Liá»‡t kÃª cÃ¡c cháº¿ Ä‘á»™ náº¥u Ä‘a nÄƒng cá»§a ná»“i.""}, {""time"": ""00:50"", ""content"": ""Khuyáº¿n khÃ­ch mua hÃ ng thÃ´ng qua cÃ¡c Ä‘Æ°á»ng link mua sáº¯m trá»±c tuyáº¿n.""}]","{""rows"": [[""Dung tÃ­ch"", ""2.5L"", ""0.8L - 2.5L (nhiá»u model)"", ""3.0L""], [""Cháº¿ Ä‘á»™ náº¥u"", ""7"", ""3-8 (tÃ¹y model)"", ""5""], [""Cháº¥t liá»‡u ná»“i"", ""Gá»‘m sá»©"", ""Gá»‘m sá»©"", ""Há»£p kim nhÃ´m trÃ¡ng men chá»‘ng dÃ­nh""], [""Háº¹n giá»"", ""CÃ³"", ""CÃ³"", ""CÃ³""], [""GiÃ¡ tham kháº£o"", ""1.200.000 VNÄ"", ""500.000 - 1.000.000 VNÄ"", ""1.500.000 VNÄ""]], ""headers"": [""TÃ­nh nÄƒng"", ""LocknLock EJP164IVY"", ""Bear Submersible Stew Pot"", ""Panasonic NF-N30ASA""]}","[""CÃ¡c bÃ  máº¹ báº­n rá»™n muá»‘n náº¥u mÃ³n Äƒn ngon vÃ  dinh dÆ°á»¡ng cho gia Ä‘Ã¬nh."", ""NgÆ°á»i Ä‘á»™c thÃ¢n hoáº·c cÃ¡c cáº·p vá»£ chá»“ng tráº» khÃ´ng cÃ³ nhiá»u thá»i gian náº¥u Äƒn."", ""Nhá»¯ng ngÆ°á»i quan tÃ¢m Ä‘áº¿n sá»©c khá»e vÃ  muá»‘n cháº¿ biáº¿n cÃ¡c mÃ³n Äƒn lÃ nh máº¡nh.""]","Náº¥u Äƒn nhÃ n tÃªnh, dinh dÆ°á»¡ng trá»n váº¹n! Sáº¯m ngay ná»“i náº¥u cháº­m LocknLock EJP164IVY Ä‘á»ƒ bá»¯a cÆ¡m gia Ä‘Ã¬nh thÃªm áº¥m cÃºng vÃ  Ä‘á»§ Ä‘áº§y!","[""Ná»“i náº¥u cháº­m"", ""Ná»“i háº§m Ä‘a nÄƒng"", ""LocknLock"", ""EJP164IVY"", ""Ná»“i náº¥u chÃ¡o"", ""Ná»“i háº§m xÆ°Æ¡ng"", ""Ná»“i náº¥u cháº­m LocknLock"", ""Ná»“i náº¥u cháº­m cho bÃ©"", ""Ná»“i háº§m cÃ¡ch thá»§y"", ""Äá»“ gia dá»¥ng nhÃ  báº¿p""]",[Ná»’I Náº¤U CHáº¬M ÄA NÄ‚NG EJP164IVY] MÃ“N Háº¦M ÄA Dáº NG - THÄ‚NG Háº NG Vá»Š GIÃC,,"[{""url"": ""https://shorten.asia/eq9rhDuC"", ""price"": ""1.246.560Ä‘"", ""discount"": """", ""platform"": ""Äáº¶T MUA Táº I SHOEE MALL""}]",,,,1,0,0,published,2025-10-07 10:00:36.171602,2025-10-09 07:40:51.003,beee6b97-aa0d-48af-8e75-369918b19e24
8f6173b4-81dd-4fd9-8c4a-3a0df54b9b16,1788ee95-7d22-4b0b-8e45-07ae2d03c7e1,noi-lau-da-nang-locknlock-ejp154ivy-45l-bep-da-nang-them-quyen-nang-527372,https://youtube.com/watch?v=CM44JhJhjx4,youtube,CM44JhJhjx4,[EJP154IVY] Báº¾P ÄA NÄ‚NG - THÃŠM QUYá»€N NÄ‚NG,https://i.ytimg.com/vi/CM44JhJhjx4/maxresdefault.jpg,"[EJP154IVY] Báº¾P ÄA NÄ‚NG - THÃŠM QUYá»€N NÄ‚NG

Nhá»¯ng bá»¯a liÃªn hoan cÃ¹ng gia Ä‘Ã¬nh vÃ  báº¡n bÃ¨ lÃ  cÆ¡ há»™i tuyá»‡t vá»i Ä‘á»ƒ ta chiÃªu Ä‘Ã£i má»i ngÆ°á»i nhá»¯ng mÃ³n tuyá»‡t chiÃªu. Nay cÃ¡c â€œBáº¿p trÆ°á»Ÿngâ€ Ä‘Ã£ cÃ³ thÃªm má»™t phÃ¹ tÃ¡ siÃªu cáº¥p, cÃ¢n Ä‘Æ°á»£c Ä‘á»§ cÃ¡c mÃ³n nhÆ° háº¥p, luá»™c hay chiÃªn, chiÃªn xÃ o, hay náº¥u láº©u. 
Sá»Ÿ há»¯u ngay nhá»¯ng quyá»n nÄƒng má»›i, táº­n hÆ°á»Ÿng sá»± tiá»‡n lá»£i vÃ  Ä‘a nÄƒng Ä‘á»ƒ thá»a sá»©c sÃ¡ng táº¡o trong tá»«ng bá»¯a Äƒn gia Ä‘Ã¬nh vá»›i Ná»“i láº©u Ä‘a nÄƒng LocknLock EJP154IVY 4.5L!

ğŸ”¥ Sáºµn sÃ ng phá»¥c vá»¥ nhá»¯ng bá»¯a Äƒn cho Ä‘áº¡i gia Ä‘Ã¬nh hay liÃªn hoan Ä‘Ã´ng ngÆ°á»i vá»›i dung tÃ­ch lá»›n Ä‘áº¿n 4.5L Ä‘i kÃ¨m khay háº¥p thÃ¡o rá»i tiá»‡n dá»¥ng.
ğŸ”¥ Thá»a thÃ­ch trá»• tÃ i náº¥u nÆ°á»›ng vá»›i 5 cháº¿ Ä‘á»™ náº¥u: náº¥u láº©u, nÆ°á»›ng, luá»™c, háº¥p vÃ  háº§m.
ğŸ”¥ Äáº£m báº£o mÃ³n Äƒn luÃ´n Ä‘Æ°á»£c an toÃ n vÃ  ná»“i khÃ´ng bá»‹ bÃ¡m cáº·n, dá»… dÃ ng vá»‡ sinh sau khi sá»­ dá»¥ng nhá» lÃ²ng ná»“i Ä‘Æ°á»£c phá»§ lá»›p sá»© chá»‘ng dÃ­nh cao cáº¥p.
ğŸ”¥ Váº­n hÃ nh dá»… dÃ ng vá»›i nÃºm Ä‘iá»u chá»‰nh vÃ  mÃ n hÃ¬nh LED hiá»‡n Ä‘áº¡i.
ğŸ”¥ Máº·t ná»“i Ä‘Æ°á»£c thiáº¿t káº¿ 2 kiá»ƒu khÃ¡c nhau, phÃ¹ há»£p vá»›i nhiá»u lá»±a chá»n, cÃ¡ch náº¥u Ä‘a dáº¡ng.
ğŸ”¥ Giá»¯ trá»n hÆ°Æ¡ng vá»‹ vÃ  dá»… dÃ ng quan sÃ¡t thá»±c pháº©m trong quÃ¡ trÃ¬nh náº¥u mÃ  khÃ´ng cáº§n pháº£i má»Ÿ náº¯p nhiá»u láº§n vá»›i thiáº¿t káº¿ náº¯p kÃ­nh trong suá»‘t.

KhÃ´ng cÃ²n lÃ½ do gÃ¬ mÃ  báº¡n khÃ´ng tráº£i nghiá»‡m ngay tráº£i nghiá»‡m náº¥u nÆ°á»›ng nhÃ n tÃªnh, táº­n hÆ°á»Ÿng khoáº£nh kháº¯c háº¡nh phÃºc trá»n váº¹n vá»›i Ná»“i láº©u Ä‘a nÄƒng LocknLock 4.5L!

ğŸ›’Sáº£n pháº©m cÃ³ bÃ¡n táº¡i cÃ¡c cá»­a hÃ ng trÃªn toÃ n quá»‘c vÃ  cÃ¡c kÃªnh trá»±c tuyáº¿n:
Shopee: https://shope.ee/5zzJGRsgXV
Lazada: https://c.lazada.vn/t/c.0EiZ22
Tiki: https://ti.ki/sILLewEN/9T3Z13NC
LocknLock Store: https://bit.ly/LocknLockEJP154IVY

ğŸ”» Theo dÃµi LocknLock Vietnam Ä‘á»ƒ cáº­p nháº­t thÃ´ng tin má»›i nháº¥t.
#LocknLock#LocknLockVietnam#PremiumLifestyle #MultiCooker #Bianco
------------------
LocknLock Viá»‡t Nam
Hotline: 028.5413.5750 ~ 53 (HCM) / 024 6293 9370 (HÃ  Ná»™i)
Há»‡ thá»‘ng chuá»—i cá»­a hÃ ng â€“ KÃªnh phÃ¢n phá»‘i Online chÃ­nh thá»©c cá»§a LocknLock:
http://bit.ly/LnLHeThongCuaHang. Má»i báº¡n ghÃ© tham quan vÃ  mua sáº¯m nhÃ©!",LocknLock Vietnam,https://www.youtube.com/channel/UCZNyjLXfmUPk12y6bdVgn8A,"Video giá»›i thiá»‡u Ná»“i láº©u Ä‘a nÄƒng LocknLock EJP154IVY 4.5L, má»™t trá»£ thá»§ Ä‘áº¯c lá»±c cho cÃ¡c bá»¯a tiá»‡c gia Ä‘Ã¬nh. Ná»“i cÃ³ dung tÃ­ch lá»›n, nhiá»u cháº¿ Ä‘á»™ náº¥u (láº©u, nÆ°á»›ng, luá»™c, háº¥p, háº§m), lÃ²ng ná»“i chá»‘ng dÃ­nh, dá»… dÃ ng sá»­ dá»¥ng vá»›i mÃ n hÃ¬nh LED vÃ  thiáº¿t káº¿ náº¯p kÃ­nh trong suá»‘t. Sáº£n pháº©m há»©a háº¹n mang Ä‘áº¿n tráº£i nghiá»‡m náº¥u nÆ°á»›ng nhÃ n tÃªnh vÃ  nhá»¯ng khoáº£nh kháº¯c háº¡nh phÃºc bÃªn gia Ä‘Ã¬nh.","[""Dung tÃ­ch 4.5L lá»›n, phÃ¹ há»£p cho gia Ä‘Ã¬nh Ä‘Ã´ng ngÆ°á»i hoáº·c cÃ¡c buá»•i liÃªn hoan."", ""Äa nÄƒng vá»›i 5 cháº¿ Ä‘á»™ náº¥u: láº©u, nÆ°á»›ng, luá»™c, háº¥p vÃ  háº§m, giÃºp cháº¿ biáº¿n nhiá»u mÃ³n Äƒn khÃ¡c nhau."", ""LÃ²ng ná»“i phá»§ sá»© chá»‘ng dÃ­nh cao cáº¥p, Ä‘áº£m báº£o an toÃ n thá»±c pháº©m vÃ  dá»… dÃ ng vá»‡ sinh sau khi sá»­ dá»¥ng."", ""Dá»… dÃ ng sá»­ dá»¥ng vá»›i nÃºm Ä‘iá»u chá»‰nh vÃ  mÃ n hÃ¬nh LED hiá»‡n Ä‘áº¡i."", ""Náº¯p kÃ­nh trong suá»‘t giÃºp dá»… dÃ ng quan sÃ¡t thá»±c pháº©m trong quÃ¡ trÃ¬nh náº¥u mÃ  khÃ´ng cáº§n má»Ÿ náº¯p nhiá»u láº§n.""]","[""Dung tÃ­ch lá»›n cÃ³ thá»ƒ khÃ´ng phÃ¹ há»£p vá»›i nhá»¯ng ngÆ°á»i Ä‘á»™c thÃ¢n hoáº·c gia Ä‘Ã¬nh Ã­t ngÆ°á»i."", ""GiÃ¡ thÃ nh cÃ³ thá»ƒ cao hÆ¡n so vá»›i cÃ¡c loáº¡i ná»“i láº©u thÃ´ng thÆ°á»ng."", ""Lá»›p chá»‘ng dÃ­nh cáº§n Ä‘Æ°á»£c báº£o quáº£n cáº©n tháº­n Ä‘á»ƒ trÃ¡nh tráº§y xÆ°á»›c.""]","[{""time"": ""00:10"", ""content"": ""Giá»›i thiá»‡u ná»“i láº©u Ä‘a nÄƒng nhÆ° má»™t trá»£ thá»§ Ä‘áº¯c lá»±c cho cÃ¡c 'Báº¿p trÆ°á»Ÿng' trong gia Ä‘Ã¬nh.""}, {""time"": ""00:25"", ""content"": ""Nháº¥n máº¡nh cÃ¡c tÃ­nh nÄƒng chÃ­nh: dung tÃ­ch lá»›n, nhiá»u cháº¿ Ä‘á»™ náº¥u, lÃ²ng ná»“i chá»‘ng dÃ­nh.""}]","{""rows"": [[""Dung tÃ­ch"", ""4.5L"", ""3.0L"", ""3.0L""], [""Cháº¿ Ä‘á»™ náº¥u"", ""5 (láº©u, nÆ°á»›ng, luá»™c, háº¥p, háº§m)"", ""2 (láº©u, nÆ°á»›ng)"", ""2 (láº©u, nÆ°á»›ng)""], [""Cháº¥t liá»‡u lÃ²ng ná»“i"", ""Phá»§ sá»© chá»‘ng dÃ­nh"", ""Chá»‘ng dÃ­nh"", ""Chá»‘ng dÃ­nh""], [""GiÃ¡ tham kháº£o"", ""1.200.000 VNÄ"", ""700.000 VNÄ"", ""600.000 VNÄ""]], ""headers"": [""TÃ­nh nÄƒng"", ""LocknLock EJP154IVY"", ""Sunhouse SHD4521"", ""Happy Cook HCHP-300ST""]}","[""CÃ¡c gia Ä‘Ã¬nh Ä‘Ã´ng ngÆ°á»i thÆ°á»ng xuyÃªn tá»• chá»©c tiá»‡c táº¡i nhÃ ."", ""Nhá»¯ng ngÆ°á»i yÃªu thÃ­ch náº¥u Äƒn vÃ  muá»‘n sá»Ÿ há»¯u má»™t chiáº¿c ná»“i Ä‘a nÄƒng tiá»‡n lá»£i."", ""CÃ¡c báº¡n tráº» thÃ­ch tráº£i nghiá»‡m cÃ¡c mÃ³n Äƒn má»›i vÃ  muá»‘n tá»± tay cháº¿ biáº¿n.""]",Äá»«ng bá» lá»¡ cÆ¡ há»™i sá»Ÿ há»¯u Ná»“i láº©u Ä‘a nÄƒng LocknLock EJP154IVY 4.5L Ä‘á»ƒ biáº¿n má»—i bá»¯a Äƒn gia Ä‘Ã¬nh thÃ nh má»™t tráº£i nghiá»‡m Ä‘Ã¡ng nhá»›! Mua ngay hÃ´m nay Ä‘á»ƒ nháº­n Æ°u Ä‘Ã£i háº¥p dáº«n!,"[""Ná»“i láº©u Ä‘a nÄƒng LocknLock"", ""Ná»“i láº©u Ä‘iá»‡n"", ""Ná»“i láº©u gia Ä‘Ã¬nh"", ""Ná»“i láº©u chá»‘ng dÃ­nh"", ""Ná»“i láº©u nÆ°á»›ng"", ""Ná»“i láº©u Ä‘a nÄƒng giÃ¡ ráº»"", ""Mua ná»“i láº©u á»Ÿ Ä‘Ã¢u"", ""Ná»“i láº©u tá»‘t nháº¥t"", ""Review ná»“i láº©u LocknLock"", ""Ná»“i láº©u 4.5L""]",Ná»“i láº©u Ä‘a nÄƒng LocknLock EJP154IVY 4.5L Báº¾P ÄA NÄ‚NG - THÃŠM QUYá»€N NÄ‚NG,,"[{""url"": ""https://shorten.asia/f17JZqx1"", ""price"": ""2.410.000"", ""platform"": ""Äáº¶T MUA Táº I SHOPEE MAILL""}, {""url"": ""https://shorten.asia/vGVHqEb2"", ""price"": ""2.080.000"", ""platform"": ""Äáº¶T MUA Táº I TIKI TRADING""}]",,,2025-10-11 06:18:58.424,0,0,0,published,2025-10-11 06:18:44.586526,2025-10-11 06:18:58.424,beee6b97-aa0d-48af-8e75-369918b19e24
9b3e3329-f1fd-4583-b593-64c6e9a01e77,1788ee95-7d22-4b0b-8e45-07ae2d03c7e1,quat-tuan-hoan-khong-khi-enf156ivy-gio-mat-tuan-hoan-thoang-dang-khong-gian-394596,https://youtube.com/watch?v=xFSbSF1n_rk,youtube,xFSbSF1n_rk,"[QUáº T TUáº¦N HOÃ€N KHÃ”NG KHÃ - ENF156IVY] GIÃ“ MÃT TUáº¦N HOÃ€N, THOÃNG ÄÃƒNG KHÃ”NG GIAN",https://i.ytimg.com/vi/xFSbSF1n_rk/maxresdefault.jpg,"[QUáº T TUáº¦N HOÃ€N KHÃ”NG KHÃ - ENF156IVY] GIÃ“ MÃT TUáº¦N HOÃ€N, THOÃNG ÄÃƒNG KHÃ”NG GIAN

CÃ²n gÃ¬ tuyá»‡t vá»i hÆ¡n lÃ  cÆ¡n giÃ³ mÃ¡t lÃ nh, xua tan ná»—i bá»©c má»‡t sau má»™t ngÃ y dÃ i lÃ m viá»‡c. HÃ£y Ä‘á»ƒ Quáº¡t tuáº§n hoÃ n khÃ´ng khÃ­ LocknLock mang láº¡i cho báº¡n cáº£m giÃ¡c thoáº£i mÃ¡i, an yÃªn vÃ  giÃ¢y phÃºt nghá»‰ ngÆ¡i tháº­t cháº¥t lÆ°á»£ng.

ğŸŒ€ Tá»‘i Ä‘a hiá»‡u quáº£ lÃ m mÃ¡t vá»›i luá»“ng giÃ³ Ä‘a chiá»u vá»›i cháº¿ Ä‘á»™ xoay. Quáº¡t cÃ³ gÃ³c quay ngang tá»›i 80Â°, vÃ  gÃ³c chá»‰nh dá»c tá»›i 90Â° á»Ÿ 7 má»©c khÃ¡c nhau.
ğŸŒ€ LuÃ´n mang Ä‘áº¿n lÃ n giÃ³ dá»… chá»‹u vá»›i 3 tá»‘c Ä‘á»™ giÃ³ tÃ¹y chá»n tá»« tháº¥p, trung bÃ¬nh Ä‘áº¿n cao, cÃ¹ng 2 cháº¿ Ä‘á»™ xoay hoáº·c khÃ´ng xoay
ğŸŒ€ Váº­n hÃ nh Ãªm Ã¡i vá»›i Ä‘á»™ á»“n chá»‰ á»Ÿ má»©c 47dB, Ä‘áº£m báº£o khÃ´ng gian yÃªn tÄ©nh, cho báº¡n táº­n hÆ°á»Ÿng trá»n váº¹n phÃºt nghá»‰ ngÆ¡i.
ğŸŒ€ Dá»… dÃ ng di chuyá»ƒn vá»›i tay cáº§m tiá»‡n lá»£i vÃ  thiáº¿t káº¿ nhá» gá»n. Káº¿t há»£p cÃ¹ng chÃ¢n Ä‘áº¿ chá»‘ng trÆ°á»£t, giÃºp giá»¯ quáº¡t á»•n Ä‘á»‹nh, Ä‘Ãºng vá»‹ trÃ­ khi váº­n hÃ nh.
ğŸŒ€ Vá»‡ sinh tháº­t dá»… dÃ ng vá»›i lá»“ng quáº¡t trÆ°á»›c vÃ  cÃ¡nh quáº¡t cÃ³ thá»ƒ thÃ¡o rá»i vÃ  vá»‡ sinh vá»›i nÆ°á»›c, giÃºp quáº¡t hoáº¡t Ä‘á»™ng hiá»‡u quáº£ mÃ  khÃ´ng bá»‹ bÃ¡m bá»¥i.

HÃ£y táº­n hÆ°á»Ÿng nhá»¯ng phÃºt giÃ¢y trong lÃ nh tá»« luá»“ng giÃ³ dá»… chá»‹u Ãªm dá»‹u tá»« quáº¡t tuáº§n hoÃ n khÃ´ng khÃ­ LocknLock!

ğŸ›’Sáº£n pháº©m cÃ³ bÃ¡n táº¡i cÃ¡c cá»­a hÃ ng trÃªn toÃ n quá»‘c vÃ  cÃ¡c kÃªnh trá»±c tuyáº¿n:
Shopee: https://shope.ee/7pQxRF92zm
Lazada: https://c.lazada.vn/t/c.0EiaA9
Tiki: https://ti.ki/CYJx5UjU/1NCI7N4S
LocknLock Store: https://bit.ly/LocknLockENF156IVY
Tiktokshop: https://vt.tiktok.com/ZSLWuBbdE/

ğŸ”» Theo dÃµi LocknLock Vietnam Ä‘á»ƒ cáº­p nháº­t thÃ´ng tin má»›i nháº¥t.
#LocknLock#LocknLockVietnam#PremiumLifestyle #DesktopCirculationFan #Bianco
------------------
LocknLock Viá»‡t Nam
Hotline: 028.5413.5750 ~ 53 (HCM) / 024 6293 9370 (HÃ  Ná»™i)
Há»‡ thá»‘ng chuá»—i cá»­a hÃ ng â€“ KÃªnh phÃ¢n phá»‘i Online chÃ­nh thá»©c cá»§a LocknLock:
http://bit.ly/LnLHeThongCuaHang. Má»i báº¡n ghÃ© tham quan vÃ  mua sáº¯m nhÃ©!",LocknLock Vietnam,https://www.youtube.com/channel/UCZNyjLXfmUPk12y6bdVgn8A,"[Review] quáº¡t tuáº§n hoÃ n khÃ´ng khÃ­ LocknLock ENF156IVY, táº­p trung vÃ o kháº£ nÄƒng táº¡o luá»“ng giÃ³ mÃ¡t, lan tá»a Ä‘á»u kháº¯p khÃ´ng gian. Quáº¡t cÃ³ thiáº¿t káº¿ nhá» gá»n, dá»… di chuyá»ƒn, váº­n hÃ nh Ãªm Ã¡i vÃ  dá»… dÃ ng vá»‡ sinh. Sáº£n pháº©m há»©a háº¹n mang Ä‘áº¿n khÃ´ng gian thoÃ¡ng Ä‘Ã£ng vÃ  nhá»¯ng phÃºt giÃ¢y thÆ° giÃ£n thoáº£i mÃ¡i cho ngÆ°á»i dÃ¹ng. Video khuyáº¿n khÃ­ch ngÆ°á»i xem mua sáº£n pháº©m trÃªn cÃ¡c kÃªnh online vÃ  cá»­a hÃ ng LocknLock.","[""Kháº£ nÄƒng táº¡o luá»“ng giÃ³ tuáº§n hoÃ n, lÃ m mÃ¡t hiá»‡u quáº£ hÆ¡n so vá»›i quáº¡t thÃ´ng thÆ°á»ng, giÃºp khÃ´ng khÃ­ trong phÃ²ng thoÃ¡ng Ä‘Ã£ng hÆ¡n."", ""GÃ³c quay rá»™ng (ngang 80Â°, dá»c 90Â° vá»›i 7 má»©c Ä‘iá»u chá»‰nh) giÃºp giÃ³ lan tá»a Ä‘á»u kháº¯p phÃ²ng, khÃ´ng bá»‹ táº­p trung vÃ o má»™t chá»—."", ""Hoáº¡t Ä‘á»™ng Ãªm Ã¡i (chá»‰ 47dB) khÃ´ng gÃ¢y á»“n Ã o, phÃ¹ há»£p sá»­ dá»¥ng trong phÃ²ng ngá»§ hoáº·c khi lÃ m viá»‡c."", ""Thiáº¿t káº¿ nhá» gá»n, cÃ³ tay cáº§m vÃ  chÃ¢n Ä‘áº¿ chá»‘ng trÆ°á»£t, dá»… dÃ ng di chuyá»ƒn vÃ  Ä‘áº·t á»Ÿ nhiá»u vá»‹ trÃ­ khÃ¡c nhau."", ""Dá»… dÃ ng vá»‡ sinh lá»“ng quáº¡t vÃ  cÃ¡nh quáº¡t, giÃºp duy trÃ¬ hiá»‡u suáº¥t lÃ m mÃ¡t vÃ  kÃ©o dÃ i tuá»•i thá» sáº£n pháº©m.""]","[""Chá»‰ cÃ³ 3 tá»‘c Ä‘á»™ giÃ³, cÃ³ thá»ƒ khÃ´ng Ä‘á»§ Ä‘Ã¡p á»©ng nhu cáº§u cá»§a má»™t sá»‘ ngÆ°á»i dÃ¹ng trong thá»i tiáº¿t quÃ¡ nÃ³ng."", ""Cháº¥t liá»‡u cÃ³ thá»ƒ lÃ  nhá»±a, cáº§n xem xÃ©t Ä‘á»™ bá»n khi sá»­ dá»¥ng lÃ¢u dÃ i."", ""GiÃ¡ cÃ³ thá»ƒ cao hÆ¡n so vá»›i cÃ¡c loáº¡i quáº¡t thÃ´ng thÆ°á»ng khÃ¡c trÃªn thá»‹ trÆ°á»ng.""]","[{""time"": ""00:10"", ""content"": ""Giá»›i thiá»‡u vá» kháº£ nÄƒng lÃ m mÃ¡t vÃ  táº¡o khÃ´ng gian thoÃ¡ng Ä‘Ã£ng cá»§a quáº¡t.""}, {""time"": ""00:20"", ""content"": ""TÃ­nh nÄƒng xoay Ä‘a chiá»u, gÃ³c quay rá»™ng giÃºp giÃ³ lan tá»a kháº¯p phÃ²ng.""}, {""time"": ""00:30"", ""content"": ""Äá»™ á»“n tháº¥p, váº­n hÃ nh Ãªm Ã¡i, khÃ´ng gÃ¢y áº£nh hÆ°á»Ÿng Ä‘áº¿n giáº¥c ngá»§ hoáº·c cÃ´ng viá»‡c.""}, {""time"": ""00:40"", ""content"": ""Thiáº¿t káº¿ nhá» gá»n, dá»… di chuyá»ƒn vÃ  vá»‡ sinh.""}]","{""rows"": [[""GiÃ¡ cáº£ (Æ°á»›c tÃ­nh)"", ""~800.000 VNÄ"", ""~1.200.000 VNÄ"", ""~2.500.000 VNÄ""], [""Äá»™ á»“n"", ""47dB"", ""<60dB"", ""~45dB""], [""GÃ³c quay"", ""Ngang 80Â°, Dá»c 90Â°"", ""Ngang 140Â°, Dá»c 39Â°"", ""Ngang 90Â°, Dá»c 90Â°""], [""TÃ­nh nÄƒng Ä‘áº·c biá»‡t"", ""Thiáº¿t káº¿ nhá» gá»n, dá»… vá»‡ sinh"", ""Äiá»u khiá»ƒn qua app, nhiá»u cháº¿ Ä‘á»™ giÃ³"", ""CÃ´ng nghá»‡ táº¡o giÃ³ tá»± nhiÃªn""]], ""headers"": [""TÃ­nh nÄƒng"", ""LocknLock ENF156IVY"", ""Xiaomi Mijia DC Inverter Fan"", ""Daikin Circulation Fan""]}","[""Sinh viÃªn, ngÆ°á»i thuÃª trá» cáº§n má»™t chiáº¿c quáº¡t nhá» gá»n, dá»… di chuyá»ƒn vÃ  khÃ´ng gÃ¢y á»“n."", ""NhÃ¢n viÃªn vÄƒn phÃ²ng muá»‘n cáº£i thiá»‡n lÆ°u thÃ´ng khÃ´ng khÃ­ trong phÃ²ng lÃ m viá»‡c cÃ¡ nhÃ¢n."", ""Gia Ä‘Ã¬nh cÃ³ tráº» nhá» hoáº·c ngÆ°á»i lá»›n tuá»•i cáº§n má»™t chiáº¿c quáº¡t Ãªm Ã¡i, khÃ´ng gÃ¢y khÃ³ chá»‹u.""]","Äá»«ng bá» lá»¡ cÆ¡ há»™i táº­n hÆ°á»Ÿng khÃ´ng gian mÃ¡t máº», thoÃ¡ng Ä‘Ã£ng vá»›i quáº¡t tuáº§n hoÃ n khÃ´ng khÃ­ LocknLock ENF156IVY! Mua ngay hÃ´m nay Ä‘á»ƒ nháº­n Æ°u Ä‘Ã£i háº¥p dáº«n!","[""Quáº¡t tuáº§n hoÃ n khÃ´ng khÃ­"", ""Quáº¡t LocknLock"", ""Quáº¡t lÃ m mÃ¡t"", ""Quáº¡t khÃ´ng á»“n"", ""Quáº¡t nhá» gá»n"", ""Quáº¡t dá»… vá»‡ sinh"", ""Quáº¡t cho phÃ²ng ngá»§"", ""Quáº¡t cho vÄƒn phÃ²ng"", ""ENF156IVY"", ""Quáº¡t thÃ´ng minh""]","[QUáº T TUáº¦N HOÃ€N KHÃ”NG KHÃ - ENF156IVY] GIÃ“ MÃT TUáº¦N HOÃ€N, THOÃNG ÄÃƒNG KHÃ”NG GIAN",,"[{""url"": ""https://shorten.asia/D9u33yDr"", ""price"": ""920.000"", ""platform"": ""Äáº¶T MUA Táº I SHOPEE MALL""}, {""url"": ""https://shorten.asia/GBVjvr2t"", ""price"": ""1.539.000"", ""platform"": ""Äáº¶T MUA Táº I TIKI TRADING""}]",,,,0,0,0,draft,2025-10-11 07:06:31.669387,2025-10-11 07:06:31.669387,beee6b97-aa0d-48af-8e75-369918b19e24
a2d4082d-e8ee-472d-a4f7-129a0615dddb,1788ee95-7d22-4b0b-8e45-07ae2d03c7e1,lhc4326-metro-tumbler-king-xung-tam-dang-cap-030202,https://www.youtube.com/watch?v=QPjyNwbVmQ4,youtube,QPjyNwbVmQ4,[LHC4326] METRO TUMBLER KING - Xá»¨NG Táº¦M Äáº²NG Cáº¤P,https://i.ytimg.com/vi/QPjyNwbVmQ4/hqdefault.jpg,"[LHC4326] METRO TUMBLER KING - Xá»¨NG Táº¦M Äáº²NG Cáº¤P

Báº¡n cÃ³ biáº¿t, trong cÆ¡ thá»ƒ cÃ³ khoáº£ng 70% nÆ°á»›c lÃ  nÆ°á»›c vÃ  lÆ°á»£ng nÆ°á»›c Ä‘Ã³ sáº½ giáº£m dáº§n trong ngÃ y náº¿u khÃ´ng Ä‘Æ°á»£c bÃ¹ Ä‘áº¯p liÃªn tá»¥c. ChÃ­nh vÃ¬ váº­y, BÃ¬nh giá»¯ nhiá»‡t LocknLock Metro King Tumbler vá»›i dung tÃ­ch lá»›n Ä‘áº¿n 820ml sáº½ lÃ  sá»± lá»±a chá»n hoÃ n háº£o Ä‘á»ƒ Ä‘á»“ng hÃ nh bÃªn báº¡n, cáº¥p nÆ°á»›c cho cáº£ ngÃ y dÃ i náº¯ng nÃ³ng! NgoÃ i ra, vá»›i thiáº¿t káº¿ hiá»‡n Ä‘áº¡i, mÃ u sáº¯c tinh giáº£n Ä‘áº§y ná»•i báº­t, BÃ¬nh giá»¯ nhiá»‡t Metro King Tumbler cÃ²n giÃºp báº¡n nÃ¢ng cao cháº¥t lÆ°á»£ng cuá»™c sá»‘ng, kháº³ng Ä‘á»‹nh vá»‹ tháº¿ cÃ¡ nhÃ¢n.

ğŸ’¦ Kháº£ nÄƒng giá»¯ nhiá»‡t áº¥n tÆ°á»£ng - giá»¯ nÃ³ng trong vÃ²ng 5 giá» vÃ  giá»¯ láº¡nh lÃªn tá»›i 37 giá».
ğŸ’¦ Thiáº¿t káº¿ tinh táº¿ vá»›i pháº§n Ä‘Ã¡y thuÃ´n gá»n, táº¡o cáº£m giÃ¡c vá»«a tay, dá»… cáº§m náº¯m khi sá»­ dá»¥ng hoáº·c cáº¥t á»Ÿ ngÄƒn Ä‘á»±ng cá»‘c trÃªn oto.
ğŸ’¦ Miá»‡ng bÃ¬nh rá»™ng rá»™ng giÃºp viá»‡c vá»‡ sinh vÃ  thÃªm Ä‘Ã¡ viÃªn trá»Ÿ nÃªn dá»… dÃ ng.
ğŸ’¦ Äáº·c biá»‡t, nhá» gioÄƒng silicone cháº¯c cháº¯n, báº¡n dá»… dÃ ng mang bÃ¬nh Ä‘i báº¥t cá»© Ä‘Ã¢u mÃ  khÃ´ng sá»£ bá»‹ vÄƒng ra bÃªn ngoÃ i.

Tráº£i nghiá»‡m ngay!

ğŸ›’Sáº£n pháº©m cÃ³ bÃ¡n táº¡i cÃ¡c cá»­a hÃ ng trÃªn toÃ n quá»‘c vÃ  cÃ¡c kÃªnh trá»±c tuyáº¿n:
LocknLock Store: https://bit.ly/LocknLock_LHC4326

ğŸ”» Theo dÃµi LocknLock Vietnam Ä‘á»ƒ cáº­p nháº­t thÃ´ng tin má»›i nháº¥t.
#LocknLock#LocknLockVietnam#PremiumLifestyle #LocknLockMetroKingTumbler
------------------
LocknLock Viá»‡t Nam
Hotline: 028.5413.5750 ~ 53 (HCM) / 024 6293 9370 (HÃ  Ná»™i)
Há»‡ thá»‘ng chuá»—i cá»­a hÃ ng â€“ KÃªnh phÃ¢n phá»‘i Online chÃ­nh thá»©c cá»§a LocknLock:
http://bit.ly/LnLHeThongCuaHang. Má»i báº¡n ghÃ© tham quan vÃ  mua sáº¯m nhÃ©!",LocknLock Vietnam,https://www.youtube.com/channel/UCZNyjLXfmUPk12y6bdVgn8A,"Video giá»›i thiá»‡u bÃ¬nh giá»¯ nhiá»‡t LocknLock Metro King Tumbler dung tÃ­ch lá»›n 820ml, nháº¥n máº¡nh vÃ o kháº£ nÄƒng giá»¯ nhiá»‡t áº¥n tÆ°á»£ng (nÃ³ng 5 giá», láº¡nh 37 giá») vÃ  thiáº¿t káº¿ hiá»‡n Ä‘áº¡i, tinh táº¿. BÃ¬nh phÃ¹ há»£p cho nhá»¯ng ai cáº§n bÃ¹ nÆ°á»›c liÃªn tá»¥c trong ngÃ y dÃ i vÃ  muá»‘n thá»ƒ hiá»‡n phong cÃ¡ch cÃ¡ nhÃ¢n. Thiáº¿t káº¿ Ä‘Ã¡y thuÃ´n gá»n giÃºp cáº§m náº¯m dá»… dÃ ng vÃ  vá»«a váº·n vá»›i há»™c Ä‘á»±ng cá»‘c trÃªn Ã´ tÃ´. Miá»‡ng bÃ¬nh rá»™ng dá»… vá»‡ sinh vÃ  thÃªm Ä‘Ã¡.","[""Dung tÃ­ch lá»›n 820ml, Ä‘Ã¡p á»©ng nhu cáº§u nÆ°á»›c cáº£ ngÃ y dÃ i."", ""Kháº£ nÄƒng giá»¯ nhiá»‡t vÆ°á»£t trá»™i: giá»¯ nÃ³ng 5 giá», giá»¯ láº¡nh Ä‘áº¿n 37 giá»."", ""Thiáº¿t káº¿ tinh táº¿, hiá»‡n Ä‘áº¡i, phÃ¹ há»£p vá»›i nhiá»u phong cÃ¡ch."", ""Dá»… dÃ ng cáº§m náº¯m vÃ  Ä‘áº·t trong há»™c Ä‘á»±ng cá»‘c trÃªn Ã´ tÃ´ nhá» thiáº¿t káº¿ Ä‘Ã¡y thuÃ´n gá»n."", ""Miá»‡ng bÃ¬nh rá»™ng, thuáº­n tiá»‡n vá»‡ sinh vÃ  thÃªm Ä‘Ã¡.""]","[""Dung tÃ­ch lá»›n cÃ³ thá»ƒ hÆ¡i cá»“ng ká»nh vá»›i má»™t sá»‘ ngÆ°á»i."", ""GiÃ¡ thÃ nh cÃ³ thá»ƒ cao hÆ¡n so vá»›i cÃ¡c loáº¡i bÃ¬nh giá»¯ nhiá»‡t thÃ´ng thÆ°á»ng."", ""Chá»‰ cÃ³ thÃ´ng tin vá» thá»i gian giá»¯ nhiá»‡t, chÆ°a cÃ³ Ä‘Ã¡nh giÃ¡ vá» cháº¥t liá»‡u vÃ  Ä‘á»™ bá»n lÃ¢u dÃ i.""]","[{""time"": ""00:10"", ""content"": ""Giá»›i thiá»‡u vá» táº§m quan trá»ng cá»§a viá»‡c bÃ¹ nÆ°á»›c cho cÆ¡ thá»ƒ.""}, {""time"": ""00:25"", ""content"": ""Nháº¥n máº¡nh dung tÃ­ch lá»›n 820ml cá»§a bÃ¬nh Metro King Tumbler.""}, {""time"": ""00:35"", ""content"": ""Kháº£ nÄƒng giá»¯ nhiá»‡t áº¥n tÆ°á»£ng: nÃ³ng 5 giá», láº¡nh 37 giá».""}, {""time"": ""00:45"", ""content"": ""Thiáº¿t káº¿ tinh táº¿, dá»… cáº§m náº¯m vÃ  vá»‡ sinh.""}]","{""rows"": [[""Dung tÃ­ch"", ""820ml"", ""500-750ml"", ""500-1000ml""], [""Thá»i gian giá»¯ nhiá»‡t (láº¡nh)"", ""37 giá»"", ""24 giá»"", ""12 giá»""], [""Thiáº¿t káº¿"", ""Hiá»‡n Ä‘áº¡i, tinh táº¿"", ""Äa dáº¡ng máº«u mÃ£"", ""Truyá»n thá»‘ng""], [""GiÃ¡ cáº£ (Æ°á»›c tÃ­nh)"", ""350.000 - 450.000 VNÄ"", ""250.000 - 400.000 VNÄ"", ""150.000 - 300.000 VNÄ""]], ""headers"": [""TÃ­nh nÄƒng"", ""LocknLock Metro King Tumbler"", ""BÃ¬nh giá»¯ nhiá»‡t Elmich"", ""BÃ¬nh giá»¯ nhiá»‡t Ráº¡ng ÄÃ´ng""]}","[""NhÃ¢n viÃªn vÄƒn phÃ²ng, ngÆ°á»i lÃ m viá»‡c cáº£ ngÃ y dÃ i."", ""NgÆ°á»i thÆ°á»ng xuyÃªn di chuyá»ƒn, lÃ¡i xe."", ""NgÆ°á»i yÃªu thÃ­ch thá»ƒ thao, hoáº¡t Ä‘á»™ng ngoÃ i trá»i.""]",Äá»«ng Ä‘á»ƒ cÆ¡n khÃ¡t lÃ m giÃ¡n Ä‘oáº¡n ngÃ y cá»§a báº¡n! Sá»Ÿ há»¯u ngay LocknLock Metro King Tumbler Ä‘á»ƒ luÃ´n trÃ n Ä‘áº§y nÄƒng lÆ°á»£ng vÃ  phong cÃ¡ch.,"[""BÃ¬nh giá»¯ nhiá»‡t LocknLock"", ""Metro King Tumbler"", ""BÃ¬nh giá»¯ nhiá»‡t dung tÃ­ch lá»›n"", ""BÃ¬nh giá»¯ nhiá»‡t giá»¯ láº¡nh lÃ¢u"", ""BÃ¬nh giá»¯ nhiá»‡t cho dÃ¢n vÄƒn phÃ²ng"", ""BÃ¬nh giá»¯ nhiá»‡t cao cáº¥p"", ""BÃ¬nh Ä‘á»±ng nÆ°á»›c giá»¯ nhiá»‡t"", ""Ly giá»¯ nhiá»‡t LocknLock"", ""BÃ¬nh nÆ°á»›c giá»¯ nhiá»‡t tá»‘t nháº¥t"", ""Mua bÃ¬nh giá»¯ nhiá»‡t LocknLock á»Ÿ Ä‘Ã¢u""]",[LHC4326] METRO TUMBLER KING - Xá»¨NG Táº¦M Äáº²NG Cáº¤P,,"[{""url"": ""https://s.shopee.vn/8KghRbXLP3"", ""price"": ""392.000"", ""platform"": ""Äáº¶T MUA Táº I SHOPEE MALL""}, {""url"": ""https://shorten.asia/ezADCM32"", ""price"": ""416000"", ""platform"": ""MUA Táº I TIKTOK SHOP""}]",,,,51,0,0,published,2025-10-07 03:50:27.243769,2025-10-07 04:57:57.885,612cfd5e-667a-4e1d-b172-68d5b0a0f8d6
a2e7bbae-b850-4326-a229-839fe9306a47,1788ee95-7d22-4b0b-8e45-07ae2d03c7e1,may-lam-sua-hat-da-nang-ejm486ivy-da-nang-dung-gu-vi-ngon-dung-y-507815,https://www.youtube.com/watch?v=X7U_-q4AemQ,youtube,X7U_-q4AemQ,"[MÃY LÃ€M Sá»®A Háº T ÄA NÄ‚NG EJM486IVY] ÄA NÄ‚NG ÄÃšNG GU, Vá»Š NGON ÄÃšNG Ã",https://i.ytimg.com/vi/X7U_-q4AemQ/maxresdefault.jpg,"[MÃY LÃ€M Sá»®A Háº T ÄA NÄ‚NG EJM486IVY] ÄA NÄ‚NG ÄÃšNG GU, Vá»Š NGON ÄÃšNG Ã 

ğŸ¹Má»—i buá»•i sÃ¡ng náº¿u khÃ´ng Ä‘á»§ thá»i gian Ä‘á»ƒ thÆ°á»Ÿng thá»©c má»™t bá»¯a Äƒn thÃ¬ chá»n gÃ¬ thay tháº¿ cho tiá»‡n lá»£i nhÆ°ng váº«n Ä‘áº£m báº£o Ä‘áº§y Ä‘á»§ dinh dÆ°á»¡ng? Cháº¯c cháº¯n pháº£i lÃ  mÃ³n sá»¯a háº¡t chuáº©n vá»‹ thÆ¡m ngon. Äá»ƒ khÃ´ng tá»‘n quÃ¡ nhiá»u thá»i gian chuáº©n bá»‹ thÃ¬ pháº£i tÃ¬m â€œmáº£nh ghÃ©pâ€ hoÃ n háº£o vÃ  Ä‘a tÃ i chÃ­nh lÃ  MÃ¡y lÃ m sá»¯a háº¡t Ä‘a nÄƒng Locknlock EJM486IVY

ğŸ€Náº¯p Ä‘áº­y silicon siÃªu kÃ­n, thoáº£i mÃ¡i xay náº¥u Ä‘á»ƒ táº¡m biá»‡t ná»—i lo trÃ o bá»t, báº¯n bá»ng hay báº©n báº¿p
ğŸ€Äa chá»©c nÄƒng lÃªn Ä‘áº¿n 13 cháº¿ Ä‘á»™ khÃ¡c nhau káº¿t vá»›i Ä‘á»™ng cÆ¡ máº¡nh máº½, tá»‘c Ä‘á»™ xay cao 24.000 vÃ²ng/phÃºt
ğŸ€Chá»©c nÄƒng Ä‘á»™c Ä‘Ã¡o nháº­n biáº¿t Ä‘á»™ cao so vá»›i má»±c nÆ°á»›c Ä‘á»ƒ Ä‘áº£m báº£o káº¿t quáº£ hoÃ n háº£o dÃ¹ á»Ÿ báº¥t ká»³ Ä‘Ã¢u vá»‹ trÃ­ Ä‘á»‹a hÃ¬nh nÃ o
ğŸ€LÆ°á»¡i dao 8 cÃ¡nh sáº¯c bÃ©n giÃºp xay thá»±c pháº©m nhuyá»…n má»‹n Ä‘á»ƒ cung cáº¥p dÆ°á»¡ng cháº¥t hoÃ n háº£o
ğŸ€CÃ´ng nghá»‡ chá»‘ng dÃ­nh ceramic, khÃ´ng lo bÃ¡m dÃ­nh, dá»… dÃ ng vá»‡ sinh
ğŸ€Chá»©c nÄƒng báº£o vá»‡ thÃ´ng minh táº¡m dá»«ng khi má»Ÿ náº¯p giÃºp thoáº£i mÃ¡i thÃªm nguyÃªn liá»‡u hay Ä‘iá»u chá»‰nh Ä‘á»™ loÃ£ng trong quÃ¡ trÃ¬nh sá»­ dá»¥ng
ğŸ€Dung tÃ­ch lá»›n lÃªn Ä‘áº¿n 1.75L phÃ¹ há»£p cho tá»« 1-6 ngÆ°á»i vÃ  Xay, náº¥u cÃ¡c mÃ³n yÃªu thÃ­ch vá»›i chÆ°Æ¡ng trÃ¬nh cÃ i Ä‘áº·t cÃ¹ng cáº£m á»©ng thÃ´ng minh

ğŸ’Trá»£ thá»§ Ä‘a nÄƒng Ä‘Ãºng gu cho má»i thá»©c uá»‘ng hoÃ n háº£o báº¡n yÃªu Ä‘á»ƒ vá»‹ ngon háº¿t Ã½

ğŸ›’Sáº£n pháº©m cÃ³ bÃ¡n táº¡i cÃ¡c cá»­a hÃ ng LocknLock trÃªn toÃ n quá»‘c
ğŸ›’Mua sáº¯m trá»±c tuyáº¿n táº¡i:
- Shopee: https://bit.ly/3zigQVx 
- Lazada: https://s.lazada.vn/a.R9H
- Tiki: https://tiki.vn/product-p275854933.html?spid=275854936   
- LocknLock Store: https://bit.ly/4e1cDo8 

ğŸ”» Theo dÃµi LocknLock Vietnam Ä‘á»ƒ cáº­p nháº­t thÃ´ng tin má»›i nháº¥t.

#LocknLock #LocknLockVietnam #Maylamsuahatdanang #HeatingBlender
------------------
LocknLock Viá»‡t Nam
Hotline: 028.5413.5750 ~ 53 (HCM) / 024 6293 9370 (HÃ  Ná»™i)
Há»‡ thá»‘ng chuá»—i cá»­a hÃ ng â€“ KÃªnh phÃ¢n phá»‘i Online chÃ­nh thá»©c cá»§a LocknLock:
http://bit.ly/LnLHeThongCuaHang. Má»i báº¡n ghÃ© tham quan vÃ  mua sáº¯m nhÃ©!",LocknLock Vietnam,https://www.youtube.com/channel/UCZNyjLXfmUPk12y6bdVgn8A,"Video giá»›i thiá»‡u MÃ¡y lÃ m sá»¯a háº¡t Ä‘a nÄƒng LocknLock EJM486IVY, nháº¥n máº¡nh tÃ­nh Ä‘a nÄƒng, tiá»‡n lá»£i vÃ  kháº£ nÄƒng táº¡o ra nhá»¯ng ly sá»¯a háº¡t thÆ¡m ngon, dinh dÆ°á»¡ng má»™t cÃ¡ch nhanh chÃ³ng. Sáº£n pháº©m Ä‘Æ°á»£c trang bá»‹ nhiá»u cháº¿ Ä‘á»™ náº¥u khÃ¡c nhau, cÃ´ng nghá»‡ an toÃ n vÃ  dá»… dÃ ng vá»‡ sinh. Äáº·c biá»‡t phÃ¹ há»£p cho nhá»¯ng ngÆ°á»i báº­n rá»™n muá»‘n cÃ³ bá»¯a sÃ¡ng nhanh gá»n vÃ  Ä‘áº§y Ä‘á»§ dinh dÆ°á»¡ng. LocknLock EJM486IVY há»©a háº¹n lÃ  trá»£ thá»§ Ä‘áº¯c lá»±c cho cÄƒn báº¿p hiá»‡n Ä‘áº¡i.","[""Äa nÄƒng vá»›i 13 cháº¿ Ä‘á»™ náº¥u, Ä‘Ã¡p á»©ng nhiá»u nhu cáº§u lÃ m sá»¯a háº¡t vÃ  cÃ¡c mÃ³n khÃ¡c."", ""Náº¯p Ä‘áº­y silicon siÃªu kÃ­n giÃºp chá»‘ng trÃ o bá»t, giá»¯ vá»‡ sinh cho báº¿p."", ""LÆ°á»¡i dao 8 cÃ¡nh xay nhuyá»…n má»‹n, Ä‘áº£m báº£o dÆ°á»¡ng cháº¥t Ä‘Æ°á»£c giáº£i phÃ³ng tá»‘i Ä‘a."", ""CÃ´ng nghá»‡ chá»‘ng dÃ­nh ceramic giÃºp dá»… dÃ ng vá»‡ sinh sau khi sá»­ dá»¥ng."", ""Chá»©c nÄƒng báº£o vá»‡ thÃ´ng minh, tá»± Ä‘á»™ng táº¡m dá»«ng khi má»Ÿ náº¯p, an toÃ n khi sá»­ dá»¥ng.""]","[""Dung tÃ­ch lá»›n 1.75L cÃ³ thá»ƒ khÃ´ng phÃ¹ há»£p vá»›i ngÆ°á»i Ä‘á»™c thÃ¢n hoáº·c gia Ä‘Ã¬nh nhá» Ã­t ngÆ°á»i."", ""GiÃ¡ thÃ nh cÃ³ thá»ƒ cao hÆ¡n so vá»›i cÃ¡c loáº¡i mÃ¡y lÃ m sá»¯a háº¡t thÃ´ng thÆ°á»ng."", ""Viá»‡c vá»‡ sinh lÆ°á»¡i dao cáº§n cáº©n tháº­n Ä‘á»ƒ trÃ¡nh bá»‹ thÆ°Æ¡ng.""]","[{""time"": ""00:10"", ""content"": ""Giá»›i thiá»‡u vá» nhu cáº§u bá»¯a sÃ¡ng nhanh gá»n, dinh dÆ°á»¡ng.""}, {""time"": ""00:25"", ""content"": ""TÃ­nh nÄƒng náº¯p Ä‘áº­y silicon chá»‘ng trÃ o.""}, {""time"": ""00:40"", ""content"": ""Kháº£ nÄƒng Ä‘a dáº¡ng cháº¿ Ä‘á»™ náº¥u vÃ  xay nhuyá»…n má»‹n.""}, {""time"": ""01:00"", ""content"": ""CÃ´ng nghá»‡ chá»‘ng dÃ­nh ceramic dá»… vá»‡ sinh.""}]","{""rows"": [[""GiÃ¡ cáº£"", ""Cao"", ""Trung bÃ¬nh"", ""Cao""], [""Dung tÃ­ch"", ""1.75L"", ""2L"", ""1.3L""], [""Cháº¿ Ä‘á»™ náº¥u"", ""13"", ""5"", ""1""], [""Vá»‡ sinh"", ""Dá»… (chá»‘ng dÃ­nh)"", ""KhÃ¡ dá»…"", ""Trung bÃ¬nh""], [""Äá»™ á»“n"", ""Trung bÃ¬nh"", ""KhÃ¡ á»“n"", ""Trung bÃ¬nh""]], ""headers"": [""TÃ­nh nÄƒng"", ""LocknLock EJM486IVY"", ""Philips HR2096"", ""Nutribullet Rx""]}","[""NgÆ°á»i báº­n rá»™n, khÃ´ng cÃ³ nhiá»u thá»i gian chuáº©n bá»‹ bá»¯a sÃ¡ng."", ""Gia Ä‘Ã¬nh cÃ³ tráº» nhá» cáº§n nguá»“n dinh dÆ°á»¡ng tá»± nhiÃªn, an toÃ n."", ""NgÆ°á»i quan tÃ¢m Ä‘áº¿n sá»©c khá»e, muá»‘n tá»± lÃ m sá»¯a háº¡t táº¡i nhÃ .""]","Sá»Ÿ há»¯u ngay MÃ¡y lÃ m sá»¯a háº¡t LocknLock EJM486IVY Ä‘á»ƒ táº­n hÆ°á»Ÿng nhá»¯ng ly sá»¯a háº¡t thÆ¡m ngon, bá»• dÆ°á»¡ng má»—i ngÃ y! Äáº·t hÃ ng ngay hÃ´m nay Ä‘á»ƒ nháº­n Æ°u Ä‘Ã£i háº¥p dáº«n!","[""MÃ¡y lÃ m sá»¯a háº¡t"", ""LocknLock"", ""EJM486IVY"", ""Sá»¯a háº¡t dinh dÆ°á»¡ng"", ""MÃ¡y xay náº¥u Ä‘a nÄƒng"", ""Bá»¯a sÃ¡ng nhanh gá»n"", ""Sá»¯a háº¡t cho bÃ©"", ""MÃ¡y lÃ m sá»¯a háº¡t LocknLock"", ""Review mÃ¡y lÃ m sá»¯a háº¡t"", ""CÃ¡ch lÃ m sá»¯a háº¡t""]","[MÃY LÃ€M Sá»®A Háº T ÄA NÄ‚NG EJM486IVY] ÄA NÄ‚NG ÄÃšNG GU, Vá»Š NGON ÄÃšNG Ã",,"[{""url"": ""https://shorten.asia/F5NpBYUQ"", ""price"": ""2.386.000Ä‘"", ""platform"": ""Äáº¶T MUA Táº I SHOPEE MALL""}]",,,,0,0,0,published,2025-10-07 10:05:05.647929,2025-10-07 10:14:49.699,beee6b97-aa0d-48af-8e75-369918b19e24
d0ff76ac-c31c-4677-9da3-d6cc531c019b,1788ee95-7d22-4b0b-8e45-07ae2d03c7e1,yadea-velax-giai-phap-hoan-hao-khi-chuyen-tu-xe-xang-sang-xe-dien-055933,https://www.youtube.com/watch?v=eONkbnqQPtI,youtube,eONkbnqQPtI,Yadea Velax â€“ Giáº£i PhÃ¡p HoÃ n Háº£o Khi Chuyá»ƒn Tá»« Xe XÄƒng Sang Xe Äiá»‡n,https://i.ytimg.com/vi/eONkbnqQPtI/maxresdefault.jpg,"VÃ¬ sao Yadea Velax lÃ  giáº£i phÃ¡p hoÃ n háº£o khi chuyá»ƒn tá»« xe xÄƒng sang xe Ä‘iá»‡n? Yadea Velax khÃ´ng chá»‰ sá»Ÿ há»¯u thiáº¿t káº¿ hiá»‡n Ä‘áº¡i, sang trá»ng mÃ  cÃ²n Ä‘Æ°á»£c trang bá»‹ pin thÃ¡o rá»i tiá»‡n lá»£i, Ä‘á»™ng cÆ¡ máº¡nh máº½ vÃ  kháº£ nÄƒng váº­n hÃ nh Ãªm Ã¡i. ÄÃ¢y lÃ  lá»±a chá»n lÃ½ tÆ°á»Ÿng cho ngÆ°á»i Ä‘i lÃ m muá»‘n tiáº¿t kiá»‡m chi phÃ­, báº£o vá»‡ mÃ´i trÆ°á»ng vÃ  báº¯t ká»‹p xu hÆ°á»›ng xanh. #YadeaVelax #XeDienYadea #ChuyenXeXangSangXeDien #XeDienPinThaoRoi #ReviewYadeaVelax #XeDienChoNguoiDiLam #XeDienThoiTrang
â€”â€”â€”â€”â€”â€”â€”â€”â€”â€”â€”â€”â€”
- Website: https://xedienvietthanh.com/ - https://xemayvietthanh.com/- https://vtmotor.vn/
- Fanpage: https://www.facebook.com/xemayxedienvietthanh
- Há»‡ thá»‘ng mua hÃ ng: https://xedienvietthanh.com/he-thong-mua-hang/
â€”â€”â€”â€”â€”â€”â€”â€”â€”â€”â€”â€”â€”
â€¢  Hotline :  1900 2082 - 0986.06.3888
â€¢  BÃ¡n hÃ ng: 0901.662.888 â€“ 098.444.3388 
â€¢  Ká»¹ Thuáº­t:  0988.86.2386 - 0986.06.3888
â€”â€”â€”â€”â€”â€”â€”â€”â€”â€”â€”â€”â€”
XE ÄIá»†N VIá»†T THANH - XE ÄIá»†N NHáº¬P KHáº¨U CHÃNH HÃƒNG
ChÃ­nh sÃ¡ch SIÃŠU Æ¯U ÄÃƒI cá»§a chÃºng tÃ´i xÃ³a bá» má»i ná»—i lo mua hÃ ng cá»§a báº¡n:
1. Báº£o hÃ nh lÃªn Ä‘áº¿n 3 nÄƒm.
2. Äá»•i hÃ ng trong 72h.
3. Kiá»ƒm tra Ä‘á»‹nh ká»³ miá»…n phÃ­ trá»n Ä‘á»i.
4. Æ¯u Ä‘Ã£i dá»‹ch vá»¥ mua tráº£ gÃ³p lÃ£i xuáº¥t 0%.
5. Giao hÃ ng miá»…n phÃ­ trong bÃ¡n kÃ­nh 30km.
6. Táº·ng mÅ© báº£o hiá»ƒm cao cáº¥p trá»‹ giÃ¡ 250.000Ä‘.
7. HoÃ n láº¡i tiá»n 100% náº¿u sáº£n pháº©m khÃ´ng chÃ­nh hÃ£ng.
8. Cá»©u há»™ táº­n nÆ¡i miá»…n phÃ­ náº¿u xe gáº·p sá»± cá»‘ trÃªn Ä‘Æ°á»ng.
â€”â€”â€”â€”â€”â€”â€”â€”â€”â€”â€”â€”â€”
XE ÄIá»†N - XE MÃY VIá»†T THANH - THÆ¯Æ NG HIá»†U BÃN Láºº HÃ€NG Äáº¦U VIá»†T NAM",Xe Äiá»‡n Viá»‡t Thanh,https://www.youtube.com/channel/UC8wyK0408-mM-WRwjXs2CGg,"Video giá»›i thiá»‡u xe Ä‘iá»‡n Yadea Velax nhÆ° má»™t giáº£i phÃ¡p thay tháº¿ hoÃ n háº£o cho xe xÄƒng, Ä‘áº·c biá»‡t dÃ nh cho ngÆ°á»i Ä‘i lÃ m. Xe sá»Ÿ há»¯u thiáº¿t káº¿ hiá»‡n Ä‘áº¡i, pin thÃ¡o rá»i tiá»‡n lá»£i, Ä‘á»™ng cÆ¡ máº¡nh máº½ vÃ  váº­n hÃ nh Ãªm Ã¡i. Yadea Velax hÆ°á»›ng Ä‘áº¿n viá»‡c tiáº¿t kiá»‡m chi phÃ­, báº£o vá»‡ mÃ´i trÆ°á»ng vÃ  báº¯t ká»‹p xu hÆ°á»›ng xe Ä‘iá»‡n. Sáº£n pháº©m Ä‘Æ°á»£c phÃ¢n phá»‘i bá»Ÿi Xe Äiá»‡n Viá»‡t Thanh vá»›i nhiá»u Æ°u Ä‘Ã£i háº¥p dáº«n.","[""Thiáº¿t káº¿ hiá»‡n Ä‘áº¡i, sang trá»ng, phÃ¹ há»£p vá»›i nhiá»u Ä‘á»‘i tÆ°á»£ng."", ""Pin thÃ¡o rá»i tiá»‡n lá»£i, dá»… dÃ ng sáº¡c táº¡i nhÃ  hoáº·c vÄƒn phÃ²ng."", ""Äá»™ng cÆ¡ máº¡nh máº½, váº­n hÃ nh Ãªm Ã¡i, mang láº¡i tráº£i nghiá»‡m lÃ¡i tá»‘t."", ""Tiáº¿t kiá»‡m chi phÃ­ nhiÃªn liá»‡u so vá»›i xe xÄƒng."", ""GÃ³p pháº§n báº£o vá»‡ mÃ´i trÆ°á»ng, hÆ°á»›ng Ä‘áº¿n lá»‘i sá»‘ng xanh.""]","[""GiÃ¡ thÃ nh cÃ³ thá»ƒ cao hÆ¡n so vá»›i má»™t sá»‘ máº«u xe Ä‘iá»‡n khÃ¡c trÃªn thá»‹ trÆ°á»ng."", ""Thá»i gian sáº¡c pin cÃ³ thá»ƒ lÃ  má»™t yáº¿u tá»‘ cáº§n cÃ¢n nháº¯c."", ""Pháº¡m vi hoáº¡t Ä‘á»™ng cá»§a pin cÃ³ thá»ƒ bá»‹ áº£nh hÆ°á»Ÿng bá»Ÿi Ä‘iá»u kiá»‡n thá»i tiáº¿t vÃ  táº£i trá»ng.""]","[{""time"": ""00:15"", ""content"": ""Giá»›i thiá»‡u tá»•ng quan vá» thiáº¿t káº¿ vÃ  tÃ­nh nÄƒng ná»•i báº­t cá»§a Yadea Velax.""}, {""time"": ""01:30"", ""content"": ""Nháº¥n máº¡nh Æ°u Ä‘iá»ƒm pin thÃ¡o rá»i vÃ  sá»± tiá»‡n lá»£i trong quÃ¡ trÃ¬nh sá»­ dá»¥ng.""}, {""time"": ""02:45"", ""content"": ""Äá» cáº­p Ä‘áº¿n kháº£ nÄƒng váº­n hÃ nh Ãªm Ã¡i vÃ  tiáº¿t kiá»‡m chi phÃ­ so vá»›i xe xÄƒng.""}]","{""rows"": [[""GiÃ¡ cáº£ (Æ°á»›c tÃ­nh)"", ""á»”n (táº§m trung)"", ""Ráº» hÆ¡n"", ""TÆ°Æ¡ng Ä‘Æ°Æ¡ng""], [""Pin"", ""ThÃ¡o rá»i"", ""Liá»n khá»‘i"", ""Liá»n khá»‘i""], [""QuÃ£ng Ä‘Æ°á»ng di chuyá»ƒn"", ""KhÃ¡ tá»‘t (60-80km/láº§n sáº¡c)"", ""TÆ°Æ¡ng Ä‘Æ°Æ¡ng"", ""Ngáº¯n hÆ¡n""], [""Thiáº¿t káº¿"", ""Hiá»‡n Ä‘áº¡i, thanh lá»‹ch"", ""ÄÆ¡n giáº£n, phá»• thÃ´ng"", ""CÃ¡ tÃ­nh, tráº» trung""]], ""headers"": [""TÃ­nh nÄƒng"", ""Yadea Velax"", ""VinFast Feliz S"", ""Dibao Gogo S4""]}","[""NhÃ¢n viÃªn vÄƒn phÃ²ng, cÃ´ng chá»©c di chuyá»ƒn trong thÃ nh phá»‘."", ""Há»c sinh, sinh viÃªn cáº§n phÆ°Æ¡ng tiá»‡n Ä‘i láº¡i tiá»‡n lá»£i vÃ  tiáº¿t kiá»‡m."", ""Nhá»¯ng ngÆ°á»i quan tÃ¢m Ä‘áº¿n mÃ´i trÆ°á»ng vÃ  muá»‘n chuyá»ƒn sang sá»­ dá»¥ng phÆ°Æ¡ng tiá»‡n xanh.""]",Chuyá»ƒn tá»« xe xÄƒng sang xe Ä‘iá»‡n chÆ°a bao giá» dá»… dÃ ng Ä‘áº¿n tháº¿! HÃ£y sá»Ÿ há»¯u ngay Yadea Velax Ä‘á»ƒ tráº£i nghiá»‡m sá»± khÃ¡c biá»‡t vÃ  táº­n hÆ°á»Ÿng Æ°u Ä‘Ã£i Ä‘á»™c quyá»n tá»« Xe Äiá»‡n Viá»‡t Thanh.,"[""Yadea Velax"", ""Xe Ä‘iá»‡n Yadea"", ""Xe Ä‘iá»‡n pin rá»i"", ""Xe Ä‘iá»‡n cho ngÆ°á»i Ä‘i lÃ m"", ""Xe Ä‘iá»‡n Viá»‡t Thanh"", ""Review xe Ä‘iá»‡n"", ""Xe Ä‘iá»‡n giÃ¡ tá»‘t"", ""Xe mÃ¡y Ä‘iá»‡n"", ""Xu hÆ°á»›ng xe Ä‘iá»‡n"", ""Xe Ä‘iá»‡n tiáº¿t kiá»‡m xÄƒng""]",Yadea Velax â€“ Giáº£i PhÃ¡p HoÃ n Háº£o Khi Chuyá»ƒn Tá»« Xe XÄƒng Sang Xe Äiá»‡n,,"[{""url"": ""https://shorten.asia/qNUYCTD9"", ""price"": ""29.990.000Ä‘"", ""discount"": ""14"", ""platform"": ""Äáº¶T MUA Táº I SHOPEE MALL""}]",,,,1,0,0,published,2025-10-07 02:44:13.178834,2025-10-09 07:48:51.687,07d6f6e6-bef5-41f3-8b2c-164a2a3b2a0d
e6643358-909b-4a83-a871-b6b7f4a9592b,1788ee95-7d22-4b0b-8e45-07ae2d03c7e1,binh-nuoc-spring-double-wall-cold-cup-binh-xuan-trong-tay-cam-hung-tran-day-335595,https://youtube.com/watch?v=Y0JMfi7VPi0,youtube,Y0JMfi7VPi0,"[BÃŒNH NÆ¯á»šC SPRING DOUBLE WALL COLD CUP] BÃŒNH XUÃ‚N TRONG TAY, Cáº¢M Há»¨NG TRÃ€N Äáº¦Y",https://i.ytimg.com/vi/Y0JMfi7VPi0/maxresdefault.jpg,"[BÃŒNH NÆ¯á»šC SPRING DOUBLE WALL COLD CUP] BÃŒNH XUÃ‚N TRONG TAY, Cáº¢M Há»¨NG TRÃ€N Äáº¦Y

ğŸŒ·Äi lÃ m má»—i ngÃ y, Ã¡p lá»±c bá»§a vÃ¢y thÃ¬ hÃ£y Ä‘á»ƒ â€œngÆ°á»i báº¡n Ä‘á»“ng hÃ nhâ€ BÃ¬nh nÆ°á»›c Spring Double Wall giÃºp báº¡n khuáº¥y Ä‘áº£o nguá»“n cáº£m há»©ng cho cÃ´ng viá»‡c suÃ´n sáº» cuá»‘i nÄƒm 

1ï¸âƒ£ Thiáº¿t káº¿ thÃ´ng minh 2 trong 1: TÃ­ch há»£p á»‘ng hÃºt vÃ  náº¯p láº­t, phÃ¹ há»£p vá»›i má»i loáº¡i Ä‘á»“ uá»‘ng
2ï¸âƒ£ Bá»™ lá»c Ä‘a nÄƒng vÆ°á»£t trá»™i: KhÃ´ng chá»‰ pha trÃ  mÃ  cÃ²n cÃ³ thá»ƒ pha cÃ  phÃª hoáº·c nÆ°á»›c trÃ¡i cÃ¢y tiá»‡n lá»£i
3ï¸âƒ£Cáº¥u trÃºc tÆ°á»ng Ä‘Ã´i Æ°u viá»‡t: Háº¡n cháº¿ ngÆ°ng tá»¥ hÆ¡i nÆ°á»›c bÃªn ngoÃ i ly, giá»¯ bá» máº·t khÃ´ rÃ¡o vÃ  sáº¡ch sáº½ suá»‘t cáº£ ngÃ y

ğŸ’Chá»n ngay siÃªu pháº©m tá»« nhÃ  LocknLock Ä‘á»ƒ má»—i ngÃ y lÃ m viá»‡c Ä‘á»u nháº¹ nhÃ ng vÃ  trÃ n Ä‘áº§y cáº£m há»©ng

ğŸ›’Sáº£n pháº©m cÃ³ bÃ¡n táº¡i kÃªnh mua sáº¯m trá»±c tuyáº¿n cá»§a LocknLock
- LocknLock Official Website: https://bit.ly/4g0cgLk  
- Shopee: https://bit.ly/3AT5bxl 
- Lazada: https://s.lazada.vn/a.Z3FZ
- Tiki: https://bit.ly/3Zp055p

ğŸ”» Theo dÃµi LocknLock Vietnam Ä‘á»ƒ cáº­p nháº­t thÃ´ng tin má»›i nháº¥t.

#LocknLock #LocknLockVietnam #Springdoublewallcoldcup
------------------
LocknLock Viá»‡t Nam
Hotline: 028.5413.5750 ~ 53 (HCM) / 024 6293 9370 (HÃ  Ná»™i)
Há»‡ thá»‘ng chuá»—i cá»­a hÃ ng â€“ KÃªnh phÃ¢n phá»‘i Online chÃ­nh thá»©c cá»§a LocknLock:
https://www.locknlock.vn/vi-vn/stores. Má»i báº¡n ghÃ© tham quan vÃ  mua sáº¯m nhÃ©!",LocknLock Vietnam,https://www.youtube.com/channel/UCZNyjLXfmUPk12y6bdVgn8A," BÃ¬nh nÆ°á»›c Spring Double Wall Cold Cup cá»§a LocknLock, nháº¥n máº¡nh vÃ o thiáº¿t káº¿ thÃ´ng minh, tÃ­nh nÄƒng Ä‘a dáº¡ng vÃ  kháº£ nÄƒng giá»¯ nhiá»‡t tá»‘t. BÃ¬nh nÆ°á»›c Ä‘Æ°á»£c quáº£ng cÃ¡o nhÆ° má»™t ngÆ°á»i báº¡n Ä‘á»“ng hÃ nh lÃ½ tÆ°á»Ÿng giÃºp khÆ¡i nguá»“n cáº£m há»©ng lÃ m viá»‡c. Thiáº¿t káº¿ 2 trong 1 vá»›i á»‘ng hÃºt vÃ  náº¯p láº­t, bá»™ lá»c Ä‘a nÄƒng vÃ  cáº¥u trÃºc tÆ°á»ng Ä‘Ã´i lÃ  nhá»¯ng Ä‘iá»ƒm ná»•i báº­t cá»§a sáº£n pháº©m. Video khuyáº¿n khÃ­ch ngÆ°á»i xem mua sáº£n pháº©m Ä‘á»ƒ cÃ³ tráº£i nghiá»‡m lÃ m viá»‡c hiá»‡u quáº£ vÃ  trÃ n Ä‘áº§y há»©ng khá»Ÿi.","[""Thiáº¿t káº¿ 2 trong 1 tiá»‡n lá»£i: Vá»«a cÃ³ á»‘ng hÃºt, vá»«a cÃ³ náº¯p láº­t, phÃ¹ há»£p nhiá»u loáº¡i Ä‘á»“ uá»‘ng."", ""Bá»™ lá»c Ä‘a nÄƒng: Pha trÃ , cÃ  phÃª, nÆ°á»›c trÃ¡i cÃ¢y dá»… dÃ ng, tiáº¿t kiá»‡m thá»i gian."", ""Cáº¥u trÃºc tÆ°á»ng Ä‘Ã´i: Giá»¯ nhiá»‡t tá»‘t, háº¡n cháº¿ ngÆ°ng tá»¥ hÆ¡i nÆ°á»›c, giá»¯ ly luÃ´n khÃ´ rÃ¡o."", ""Cháº¥t liá»‡u an toÃ n: Äáº£m báº£o sá»©c khá»e ngÆ°á»i dÃ¹ng, khÃ´ng chá»©a BPA."", ""Thiáº¿t káº¿ hiá»‡n Ä‘áº¡i, tráº» trung: PhÃ¹ há»£p vá»›i dÃ¢n vÄƒn phÃ²ng vÃ  nhá»¯ng ngÆ°á»i nÄƒng Ä‘á»™ng.""]","[""GiÃ¡ thÃ nh cÃ³ thá»ƒ cao hÆ¡n so vá»›i cÃ¡c loáº¡i bÃ¬nh nÆ°á»›c thÃ´ng thÆ°á»ng."", ""Dung tÃ­ch cÃ³ thá»ƒ khÃ´ng Ä‘á»§ lá»›n cho nhá»¯ng ngÆ°á»i cÃ³ nhu cáº§u uá»‘ng nhiá»u nÆ°á»›c."", ""Kháº£ nÄƒng giá»¯ nhiá»‡t cÃ³ thá»ƒ khÃ´ng tá»‘i Æ°u báº±ng cÃ¡c loáº¡i bÃ¬nh giá»¯ nhiá»‡t chuyÃªn dá»¥ng.""]","[{""time"": ""00:05"", ""content"": ""Giá»›i thiá»‡u vá» bÃ¬nh nÆ°á»›c Spring Double Wall Cold Cup vÃ  vai trÃ² khÆ¡i nguá»“n cáº£m há»©ng.""}, {""time"": ""00:15"", ""content"": ""Thiáº¿t káº¿ 2 trong 1 thÃ´ng minh vá»›i á»‘ng hÃºt vÃ  náº¯p láº­t.""}, {""time"": ""00:20"", ""content"": ""Bá»™ lá»c Ä‘a nÄƒng, cÃ³ thá»ƒ pha trÃ , cÃ  phÃª, nÆ°á»›c trÃ¡i cÃ¢y.""}, {""time"": ""00:25"", ""content"": ""Cáº¥u trÃºc tÆ°á»ng Ä‘Ã´i giÃºp háº¡n cháº¿ ngÆ°ng tá»¥ hÆ¡i nÆ°á»›c.""}]","{""rows"": [[""GiÃ¡ cáº£"", ""Cao"", ""Trung bÃ¬nh"", ""Tháº¥p""], [""Kháº£ nÄƒng giá»¯ nhiá»‡t"", ""Trung bÃ¬nh"", ""Tá»‘t"", ""KÃ©m""], [""TÃ­nh nÄƒng lá»c"", ""CÃ³"", ""KhÃ´ng"", ""KhÃ´ng""], [""Cháº¥t liá»‡u"", ""Nhá»±a cao cáº¥p, thÃ©p khÃ´ng gá»‰ (bá»™ lá»c)"", ""Thá»§y tinh, thÃ©p khÃ´ng gá»‰"", ""Nhá»±a""], [""Thiáº¿t káº¿"", ""Hiá»‡n Ä‘áº¡i, tráº» trung"", ""Truyá»n thá»‘ng"", ""ÄÆ¡n giáº£n""]], ""headers"": [""TÃ­nh nÄƒng"", ""LocknLock Spring Double Wall"", ""BÃ¬nh giá»¯ nhiá»‡t Ráº¡ng ÄÃ´ng"", ""BÃ¬nh nÆ°á»›c nhá»±a Duy TÃ¢n""]}","[""DÃ¢n vÄƒn phÃ²ng: Cáº§n bÃ¬nh nÆ°á»›c tiá»‡n lá»£i, giá»¯ nhiá»‡t vá»«a pháº£i, cÃ³ thá»ƒ pha trÃ /cÃ  phÃª."", ""Há»c sinh, sinh viÃªn: ThÃ­ch thiáº¿t káº¿ tráº» trung, nÄƒng Ä‘á»™ng, dá»… dÃ ng mang theo."", ""NgÆ°á»i yÃªu thÃ­ch cÃ¡c sáº£n pháº©m LocknLock: Tin tÆ°á»Ÿng vÃ o cháº¥t lÆ°á»£ng vÃ  Ä‘á»™ bá»n cá»§a thÆ°Æ¡ng hiá»‡u.""]",Äá»«ng Ä‘á»ƒ cÃ´ng viá»‡c cuá»‘n trÃ´i cáº£m há»©ng! Sá»Ÿ há»¯u ngay BÃ¬nh nÆ°á»›c Spring Double Wall Cold Cup Ä‘á»ƒ má»—i ngÃ y lÃ m viá»‡c Ä‘á»u trÃ n Ä‘áº§y nÄƒng lÆ°á»£ng.,"[""BÃ¬nh nÆ°á»›c LocknLock"", ""BÃ¬nh giá»¯ nhiá»‡t"", ""BÃ¬nh nÆ°á»›c vÄƒn phÃ²ng"", ""BÃ¬nh nÆ°á»›c cÃ³ á»‘ng hÃºt"", ""BÃ¬nh lá»c trÃ "", ""BÃ¬nh pha cÃ  phÃª"", ""BÃ¬nh nÆ°á»›c 2 lá»›p"", ""BÃ¬nh nÆ°á»›c chá»‘ng ngÆ°ng tá»¥"", ""QuÃ  táº·ng vÄƒn phÃ²ng"", ""BÃ¬nh nÆ°á»›c LocknLock Spring""]","[BÃŒNH NÆ¯á»šC SPRING DOUBLE WALL COLD CUP] BÃŒNH XUÃ‚N TRONG TAY, Cáº¢M Há»¨NG TRÃ€N Äáº¦Y",,"[{""url"": ""https://shorten.asia/t5EKss69"", ""price"": ""176.000"", ""platform"": ""Äáº¶T MUA Táº I SHOPEE MALL""}]",,,2025-10-11 01:11:32.642,0,0,0,published,2025-10-11 00:42:12.578479,2025-10-11 01:11:32.643,612cfd5e-667a-4e1d-b172-68d5b0a0f8d6